Price,Close,High,Low,Open,Volume,Daily_Return,MA_7,Volatility
Ticker,ETH-USD,ETH-USD,ETH-USD,ETH-USD,ETH-USD,,,
Date,,,,,,,,
2020-01-01,130.802001953125,132.83535766601562,129.1982879638672,129.6306610107422,7935230330,,,
2020-01-02,127.4101791381836,130.82003784179688,126.95491027832031,130.82003784179688,8032709256,-0.025930970201487602,,
2020-01-03,134.1717071533203,134.55401611328125,126.49002075195312,127.41126251220703,10476845358,0.053068978168561154,,
2020-01-04,135.06936645507812,136.05271911621094,133.04055786132812,134.16851806640625,7430904515,0.0066903769863495555,,
2020-01-05,136.2767791748047,139.4102020263672,135.04562377929688,135.0720977783203,7526675353,0.008939204731726713,,
2020-01-06,144.3041534423828,144.32818603515625,136.0796356201172,136.3055419921875,9093747121,0.05890493095145177,,
2020-01-07,143.5439910888672,145.00177001953125,140.48887634277344,144.31199645996094,9257954672,-0.005267778753292318,135.93973977225167,
2020-01-08,141.2581329345703,146.8280029296875,138.26820373535156,143.48782348632812,9387194957,-0.015924443349786155,137.433472769601,0.03275981670321542
2020-01-09,138.9792022705078,141.39398193359375,136.2364044189453,141.15577697753906,7697325348,-0.016133093484380745,139.08619035993303,0.03105931144483555
2020-01-10,143.96377563476562,144.16732788085938,135.52040100097656,138.967041015625,9084816203,0.03586560638444225,140.4850572858538,0.027867455724392153
2020-01-11,142.92710876464844,146.4809112548828,142.2079620361328,143.4091033935547,9332208590,-0.007200886928300676,141.6075919015067,0.02866218292673068
2020-01-12,145.87393188476562,146.14585876464844,142.7076416015625,143.0325469970703,8528167453,0.0206176641057616,142.9786137172154,0.029032572008076688
2020-01-13,144.22659301757812,146.79122924804688,142.90713500976562,146.2201385498047,8378529470,-0.01129289411687917,142.967533656529,0.020134394705041785
2020-01-14,165.95535278320312,167.68154907226562,144.06492614746094,144.2510528564453,16712318373,0.15065709666300386,146.16915675571985,0.05999911337713154
2020-01-15,166.23068237304688,170.42567443847656,161.109619140625,165.734619140625,15173694057,0.0016590582058744197,149.73666381835938,0.0584774552388106
2020-01-16,164.39100646972656,167.0581512451172,159.7096405029297,166.33282470703125,13735193018,-0.01106700566380281,153.3669215611049,0.05791388056969704
2020-01-17,170.7799530029297,173.0692138671875,162.77560424804688,164.4893798828125,14997091826,0.038864331269726105,157.1978040422712,0.05801342870277369
2020-01-18,175.3656768798828,178.52877807617188,166.7890167236328,170.7477264404297,14929342256,0.02685165206055795,161.8318852015904,0.05616020368403296
2020-01-19,166.9698486328125,177.2476348876953,163.67686462402344,175.46759033203125,13713374132,-0.047876120324395366,164.84558759416853,0.06370945008174632
2020-01-20,167.12051391601562,169.11488342285156,162.33160400390625,166.9041290283203,11144529787,0.0009023502412968121,168.11614772251673,0.0628363329765527
2020-01-21,169.69715881347656,169.9101104736328,165.81971740722656,167.0604705810547,9789369362,0.01541788519604359,168.65069144112724,0.028283690027229545
2020-01-22,168.29415893554688,171.00869750976562,166.77423095703125,169.60853576660156,9209827928,-0.008267668638293424,168.94547380719865,0.028640093432641643
2020-01-23,162.92855834960938,168.31224060058594,160.29531860351562,168.2957000732422,10396868698,-0.03188227458323378,168.73655264718192,0.031203109073204883
2020-01-24,163.05117797851562,164.3094482421875,156.74974060058594,162.8993682861328,10657671162,0.0007525975197246737,167.6324419294085,0.026010285869571832
2020-01-25,161.283935546875,163.22723388671875,158.63247680664062,163.06729125976562,8256956802,-0.01083857506306074,165.62076459612166,0.021516750383468463
2020-01-26,168.0771026611328,168.22032165527344,160.2811279296875,161.17681884765625,9261861590,0.04211930401638453,165.77894374302454,0.02311500914345173
2020-01-27,170.93089294433594,172.92291259765625,166.90109252929688,168.00885009765625,11004476145,0.016979054481661038,166.32328360421317,0.02387010327119493
2020-01-28,176.3703155517578,176.3703155517578,170.73806762695312,170.88485717773438,11772875064,0.03182234945202822,167.27659170968192,0.025953151118798208
2020-01-29,175.0503387451172,178.8429718017578,175.0503387451172,176.34788513183594,10725267311,-0.007484121137455557,168.24176025390625,0.02588390170038659
2020-01-30,184.6904754638672,186.26048278808594,172.3746337890625,174.91770935058594,12604789338,0.05507065446349446,171.35060555594308,0.025579331351256892
2020-01-31,180.16017150878906,185.4058380126953,176.29681396484375,184.73690795898438,11728616394,-0.02452916937757532,173.79474748883928,0.02989774377631203
2020-02-01,183.6739501953125,183.84555053710938,179.74517822265625,180.11376953125,11569697182,0.019503637552609865,176.99332101004464,0.027690277952896854
2020-02-02,188.61753845214844,193.0803985595703,180.1739501953125,183.53250122070312,14054425389,0.026915021164291897,179.92766898018974,0.026133384040805757
2020-02-03,189.8650665283203,193.4368896484375,188.0126953125,188.60740661621094,12392875241,0.006614061907548319,182.63255092075892,0.026420012649281926
2020-02-04,189.25059509277344,191.1114959716797,185.40362548828125,189.86172485351562,11714191695,-0.00323635857181348,184.47259085518974,0.02611277261926925
2020-02-05,204.23023986816406,206.8040008544922,188.752685546875,189.29910278320312,14865434435,0.07915243155799523,188.64114815848214,0.03517744590010377
2020-02-06,212.33908081054688,214.59771728515625,201.90406799316406,204.12969970703125,16425589683,0.03970440884570903,192.59094892229353,0.033253738487059176
2020-02-07,222.72605895996094,223.14093017578125,212.30419921875,212.31588745117188,16673443564,0.04891694034731886,198.67178998674666,0.027782036578460314
2020-02-08,223.14651489257812,226.5880889892578,215.38629150390625,222.51097106933594,16741203125,0.0018877716176568526,204.31072780064173,0.029734780900954213
2020-02-09,228.5785675048828,229.86424255371094,222.98223876953125,222.98223876953125,15031356241,0.02434298655714895,210.01944623674666,0.029774431300466794
2020-02-10,223.522705078125,229.1846160888672,218.08004760742188,228.54913330078125,16210008511,-0.02211870728715548,214.82768031529017,0.034801904868371
2020-02-11,235.8511962890625,236.54713439941406,218.61761474609375,223.3849334716797,16964695963,0.055155431331365135,221.4849090576172,0.03415151508112484
2020-02-12,265.4061279296875,272.3988342285156,235.89627075195312,235.89822387695312,24545049386,0.12531177329455678,230.22432163783483,0.04679244639639161
2020-02-13,268.0992431640625,273.7410583496094,258.9225158691406,265.0527038574219,25801317504,0.010147147902660691,238.1900591169085,0.04803831576461899
2020-02-14,284.2174987792969,285.0564270019531,262.76251220703125,268.0232849121094,23558253463,0.060120481598565645,246.97455051967077,0.0487678982441789
2020-02-15,264.72857666015625,287.1236877441406,264.2796630859375,284.5613098144531,23682452994,-0.06857045116097638,252.9148450578962,0.06243569824421112
2020-02-16,259.89471435546875,272.8824462890625,242.48440551757812,264.904052734375,25152366643,-0.018259692118138604,257.3885803222656,0.06469835697464532
2020-02-17,266.3634338378906,266.8712463378906,244.3353271484375,259.89056396484375,26024080089,0.02488976929932618,263.50868443080356,0.061948252478755184
2020-02-18,281.944580078125,283.1961364746094,261.4638977050781,266.5088195800781,26511477187,0.05849581534422277,270.0934535435268,0.06221384642832915
2020-02-19,259.76397705078125,283.5379333496094,259.76397705078125,282.0362854003906,22679414413,-0.07867008126631714,269.2874319893973,0.056218254042301595
2020-02-20,257.949462890625,263.6954040527344,250.95126342773438,259.8198547363281,23229828870,-0.006985241682689214,267.83746337890625,0.05598937327855255
2020-02-21,265.6006164550781,267.0048522949219,255.6890869140625,257.89111328125,20867593292,0.029661444062387243,265.1779087611607,0.05113618537723855
2020-02-22,262.33172607421875,266.38720703125,258.91314697265625,265.55157470703125,16906032862,-0.012307540639357906,264.8355015345982,0.04404976149327826
2020-02-23,273.754150390625,273.754150390625,261.96051025390625,262.2784118652344,19585998814,0.04354190965516169,266.815420968192,0.04603478513696487
2020-02-24,265.2164306640625,275.5395202636719,259.6251525878906,273.705078125,22400845640,-0.031187544424001845,266.6515633719308,0.0475367319703864
2020-02-25,247.81759643554688,265.4314880371094,246.85899353027344,265.28338623046875,21878882134,-0.06560239946277657,261.77627999441967,0.04533335377836338
2020-02-26,225.68026733398438,249.6497039794922,221.2665557861328,247.74020385742188,26235617201,-0.08932912521133274,256.9071786063058,0.04784521268716401
2020-02-27,226.75338745117188,237.2289276123047,212.66452026367188,225.68704223632812,25645522790,0.0047550462867866905,252.45059640066964,0.04853278695219991
2020-02-28,226.760498046875,234.2089385986328,216.34620666503906,226.98760986328125,22563530559,3.135827774425337e-05,246.90200805664062,0.044921256095923526
2020-02-29,219.8485107421875,232.25662231445312,219.8485107421875,226.8334503173828,18181296376,-0.030481443479889903,240.83297729492188,0.04483038773960368
2020-03-01,218.97059631347656,226.67788696289062,214.13043212890625,219.752685546875,18179807469,-0.003993269846346403,233.00675528390067,0.03552099328305907
2020-03-02,230.5697784423828,232.81158447265625,217.28428649902344,218.7116241455078,20305587789,0.05297141408109862,228.05723353794642,0.04757645300391948
2020-03-03,224.47962951660156,232.3258056640625,221.732666015625,230.5239715576172,19853178572,-0.026413474337024234,224.7232382638114,0.04326230045363553
2020-03-04,224.51797485351562,228.04042053222656,222.08888244628906,224.56533813476562,16567075208,0.00017081878207236834,224.55719648088728,0.02729498210225688
2020-03-05,229.2681884765625,234.3644561767578,224.6418914794922,224.6418914794922,18201291785,0.02115738673549905,224.9164537702288,0.02849139225956375
2020-03-06,243.52529907226562,243.5549774169922,228.7435760498047,229.16842651367188,19374772256,0.06218529788383864,227.3114253452846,0.036393619030441186
2020-03-07,237.85308837890625,249.97848510742188,237.55128479003906,243.7501983642578,19431652027,-0.023292079775564356,229.88350786481584,0.035113407296123965
2020-03-08,200.68905639648438,237.7806854248047,200.6029815673828,237.7806854248047,21381823651,-0.15624784288366522,227.27185930524553,0.07312639427546606
2020-03-09,201.986328125,207.45140075683594,192.2698974609375,201.31849670410156,23645428606,0.006464088036532978,223.18850925990515,0.06842094828731721
2020-03-10,200.76724243164062,205.71424865722656,198.0644989013672,202.86395263671875,18344930072,-0.0060354861869905685,219.801025390625,0.06836572379156976
2020-03-11,194.8685302734375,202.9542999267578,184.36215209960938,200.76803588867188,16984790291,-0.029380849618490856,215.56539045061385,0.06828191158241452
2020-03-12,112.34712219238281,195.14793395996094,111.21070861816406,194.73892211914062,22134741655,-0.42347221465293294,198.8623809814453,0.16467886306171736
2020-03-13,133.20181274414062,137.42953491210938,95.1843032836914,112.68999481201172,27864623061,0.18562727860573336,183.1018829345703,0.18762729622139968
2020-03-14,123.30602264404297,134.484375,122.41447448730469,133.5824737548828,12740784545,-0.07429170741922175,166.73801640101843,0.18678216490125535
2020-03-15,125.21430206298828,132.2421417236328,121.85365295410156,123.24606323242188,12719251813,0.015475962795865161,155.9559086390904,0.18499556663454
2020-03-16,110.60587310791016,124.9961166381836,105.17144012451172,124.9961166381836,15984904590,-0.1166674150987117,142.90155792236328,0.18497231644901127
2020-03-17,113.9427490234375,118.98828125,110.40678405761719,110.40678405761719,12087490572,0.030169066268947553,130.49805886404855,0.18735746716305512
2020-03-18,114.84226989746094,116.02162170410156,111.74311065673828,113.8576431274414,11617854009,0.007894498612091683,119.06573595319476,0.1888611083437311
2020-03-19,136.59385681152344,140.52772521972656,114.73286437988281,114.83982849121094,16396753275,0.1894040141620661,122.52955518450055,0.11733733050048648
2020-03-20,132.73716735839844,150.8538055419922,122.60565948486328,136.64927673339844,18960388062,-0.02823472111521519,122.46317727225167,0.0974106824885453
2020-03-21,132.81871032714844,135.972412109375,127.16375732421875,133.1017608642578,13684083308,0.0006143190364296114,123.82213265555245,0.09138227633380737
2020-03-22,123.32115173339844,136.15164184570312,122.90933227539062,132.85113525390625,12497707224,-0.07150768570449428,123.5516826084682,0.09690985974370543
2020-03-23,134.91160583496094,134.91160583496094,121.86788177490234,123.36598205566406,14149877968,0.09398593784316334,127.02393014090401,0.08614854485050051
2020-03-24,138.76144409179688,141.9485321044922,133.1687774658203,135.1941375732422,14609068673,0.028536004986446484,130.5694580078125,0.0861557845822107
2020-03-25,136.19589233398438,141.40379333496094,134.30422973632812,138.9149627685547,13433092920,-0.01848893815284358,133.61997549874442,0.08792098613433838
2020-03-26,138.36155700683594,138.83056640625,134.8860321044922,136.190673828125,11367261176,0.015901101242766114,133.87250409807478,0.05178711300822391
2020-03-27,133.9379425048828,139.90269470214844,133.9379425048828,138.36993408203125,11396286629,-0.031971413141401506,134.0440434047154,0.05218016957436056
2020-03-28,130.9864959716797,134.03274536132812,126.96218872070312,134.03274536132812,12162403960,-0.022035925578709925,133.7822984967913,0.053007859189552066
2020-03-29,125.58373260498047,131.17408752441406,125.4500503540039,131.0153350830078,9938133669,-0.04124672033266197,134.10552433558874,0.04719529673092069
2020-03-30,132.904541015625,133.91146850585938,125.28968048095703,125.57789611816406,11841123306,0.05829424129056493,133.81880078996932,0.036512397138001765
2020-03-31,133.59356689453125,134.27413940429688,131.65289306640625,132.8209228515625,11065246317,0.005184366716448396,133.08053261893136,0.034302906823020035
2020-04-01,135.63455200195312,135.63455200195312,129.73094177246094,133.61231994628906,12456564435,0.01527757028175758,133.00034114292689,0.03444885033141744
2020-04-02,142.02914428710938,146.78709411621094,135.732177734375,135.732177734375,15322861686,0.047145747088574996,133.52428218296595,0.03863522255378076
2020-04-03,142.09130859375,146.89987182617188,139.619384765625,142.11045837402344,13184603402,0.0004376869758151436,134.68904876708984,0.03535595544553158
2020-04-04,145.21939086914062,145.37730407714844,140.121826171875,142.21517944335938,11946658257,0.02201459263306571,136.72231946672713,0.0327324726803894
2020-04-05,143.54664611816406,146.12852478027344,142.10208129882812,145.26101684570312,11280993591,-0.011518742372937596,139.28844996861048,0.025245091979496547
2020-04-06,169.13587951660156,169.27264404296875,143.5446014404297,143.60821533203125,21636382525,0.17826423737809294,144.46435546875,0.06513750193185568
2020-04-07,165.10194396972656,175.20413208007812,164.2033233642578,169.14744567871094,21659346091,-0.023850264996428838,148.9655521937779,0.06832428819338193
2020-04-08,172.64173889160156,173.21026611328125,164.49319458007812,165.24032592773438,17063110836,0.045667511481618295,154.2522931780134,0.06800947772771919
2020-04-09,170.80714416503906,172.8977813720703,167.98712158203125,172.76126098632812,14901696210,-0.010626600139346465,158.36343601771765,0.07003145988018067
2020-04-10,158.41244506835938,170.94976806640625,154.9144744873047,170.8292694091797,17980944616,-0.07256546063848213,160.69502694266183,0.07969770544104561
2020-04-11,158.2160186767578,161.16757202148438,155.29833984375,158.5389862060547,13555089447,-0.0012399681825301379,162.55168805803572,0.07999620345265576
2020-04-12,161.14242553710938,164.51695251464844,156.3205108642578,158.23239135742188,15123721386,0.01849627417518529,165.06537083217077,0.07914553075203525
2020-04-13,156.27955627441406,160.74969482421875,151.61448669433594,160.72067260742188,16465282133,-0.030177461003746964,163.22875322614397,0.037635976628401555
2020-04-14,157.5963897705078,160.94427490234375,155.86593627929688,156.35595703125,14723156630,0.008426140484949274,162.15653119768416,0.03772109526541841
2020-04-15,153.28689575195312,160.71112060546875,152.80284118652344,157.56564331054688,14171753737,-0.02734513160377705,159.3915536063058,0.03044506395884359
2020-04-16,172.15737915039062,173.1572723388672,150.3594207763672,153.20042419433594,22910469236,0.12310565300359055,159.5844443184989,0.06116082190393817
2020-04-17,171.63858032226562,174.27590942382812,169.75157165527344,172.2794189453125,16714684266,-0.003013514905287895,161.47389221191406,0.05184035973985445
2020-04-18,186.91400146484375,187.9404754638672,171.61807250976562,171.61807250976562,20160323443,0.08899759665861406,165.5736040387835,0.05860174236397829
2020-04-19,181.61495971679688,188.0989227294922,180.12081909179688,186.8619842529297,19146038381,-0.02835015946648367,168.49825177873885,0.06210491170601588
2020-04-20,172.2971649169922,186.0835418701172,170.32127380371094,181.480224609375,21266681335,-0.05130521634525309,170.78648158482142,0.0653127877600046
2020-04-21,172.73770141601562,175.178466796875,170.55284118652344,172.01771545410156,16458767984,0.0025568412529346496,172.94952610560827,0.06546055524383157
2020-04-22,182.59957885742188,183.75100708007812,171.82659912109375,172.67039489746094,17994666395,0.05709163292415953,177.13705226353235,0.06413414336229166
2020-04-23,185.02867126464844,189.0888671875,180.3406524658203,182.62017822265625,21275740032,0.013302836854422573,178.9758082798549,0.04815022445704086
2020-04-24,189.2369384765625,190.21038818359375,185.22210693359375,185.22210693359375,16788555028,0.022743865494742277,181.48985944475447,0.04785507240475616
2020-04-25,195.5153045654297,196.79237365722656,188.45953369140625,189.2073974609375,18260969748,0.0331772757444222,182.71861703055245,0.036857571503516894
2020-04-26,197.31753540039062,199.344970703125,194.76806640625,195.41358947753906,18335367012,0.009217850433584918,184.9618421282087,0.033422089293238456
2020-04-27,197.22471618652344,199.55279541015625,193.45416259765625,197.47572326660156,18670194595,-0.00047040529712094603,188.5229208809989,0.020168281122794632
2020-04-28,198.41539001464844,198.7865447998047,194.84942626953125,197.2735137939453,18217507467,0.006037143067803674,192.191162109375,0.019714171372076445
2020-04-29,216.96823120117188,218.4546356201172,198.12451171875,198.46519470214844,26397548759,0.09350505112105334,197.10096958705358,0.03203703263377271
2020-04-30,207.60205078125,227.52969360351562,206.43692016601562,216.9091339111328,28089191904,-0.04316844161041067,200.32573808942522,0.04133869398252545
2020-05-01,214.21910095214844,217.62802124023438,207.7808837890625,207.9017333984375,20816320834,0.03187372256679111,203.89461844308036,0.04168198270612047
2020-05-02,215.32537841796875,215.8475341796875,212.87867736816406,214.23008728027344,18260876092,0.005164233538947682,206.72462899344308,0.041392475259812433
2020-05-03,210.9331512451172,219.2708740234375,208.69236755371094,215.35206604003906,20469034664,-0.020398093365129433,208.66971697126115,0.04349382108686366
2020-05-04,208.17401123046875,211.82838439941406,199.0477294921875,210.89085388183594,22602446422,-0.013080637151445917,210.23390197753906,0.04427152471186927
2020-05-05,206.77439880371094,211.77862548828125,204.0311279296875,208.01300048828125,19004689099,-0.006723281251511781,211.42804609026228,0.04465386768008507
2020-05-06,204.0557861328125,211.5346221923828,204.04087829589844,206.48135375976562,20343543799,-0.013147723734789785,209.58341108049666,0.023115487116430963
2020-05-07,212.28941345214844,214.39247131347656,202.07484436035156,203.91285705566406,23594744655,0.04034988409481799,210.25303431919642,0.023781715192990736
2020-05-08,212.9915771484375,216.3276824951172,208.8307342529297,212.1982421875,20445139356,0.00330757754176636,210.07767377580916,0.020281534844135383
2020-05-09,211.60012817382812,214.73912048339844,209.07151794433594,213.1421661376953,18950547549,-0.006532882629624592,209.54549516950334,0.02020467868633963
2020-05-10,188.5995635986328,211.5522003173828,182.71116638183594,211.5522003173828,25211575193,-0.10869825445616221,206.35498264857702,0.045323685483319956
2020-05-11,185.912841796875,191.36233520507812,180.7183380126953,188.63218688964844,20054601647,-0.014245641667949727,203.17481558663505,0.04531789199412932
2020-05-12,189.3125,191.60134887695312,185.70179748535156,185.87733459472656,15899726284,0.018286301098228597,200.68025861467635,0.04704132999411727
2020-05-13,199.1932830810547,200.19732666015625,189.12770080566406,189.3740997314453,17054662289,0.05219297764835762,199.98561532156808,0.052796558664145087
2020-05-14,202.9490966796875,204.1175994873047,196.8688201904297,198.89151000976562,20150524861,0.018855121721672363,198.65128435407365,0.05048440329559405
2020-05-15,195.62266540527344,203.56639099121094,193.75567626953125,202.9553985595703,16602342092,-0.03609984668213273,196.17001124790735,0.0515553532169158
2020-05-16,200.6771240234375,202.7711944580078,194.5015869140625,195.61338806152344,15379081645,0.025837796493022314,194.60958208356584,0.053429224044034725
2020-05-17,207.15869140625,209.1609344482422,200.10279846191406,200.60887145996094,15470397303,0.03229848650838507,197.2608860560826,0.02967411258031286
2020-05-18,214.52505493164062,215.90846252441406,207.10906982421875,207.17977905273438,17411566928,0.035559036772175645,201.34834507533483,0.027713967392342147
2020-05-19,213.45111083984375,214.6049346923828,210.14305114746094,214.6049346923828,14346192779,-0.005006147613569434,204.79671805245536,0.02943741196972598
2020-05-20,210.09674072265625,214.71682739257812,207.97581481933594,213.4462432861328,12730175511,-0.015714933991157976,206.35435485839844,0.027271112925565166
2020-05-21,199.88360595703125,211.62518310546875,193.346435546875,210.129150390625,13308321229,-0.04861158117206166,205.9164276123047,0.03389654417399116
2020-05-22,207.169189453125,208.59153747558594,198.04086303710938,199.8371124267578,12041592114,0.036449129788362455,207.56593104771204,0.03268684343750925
2020-05-23,208.69439697265625,210.38645935058594,205.29421997070312,207.19448852539062,10665476768,0.007362134898328376,208.7112557547433,0.03180522563328361
2020-05-24,202.37034606933594,210.59507751464844,202.37034606933594,208.716064453125,11833299572,-0.03030292616887509,208.02720642089844,0.03199450518426082
2020-05-25,205.3197479248047,206.3614501953125,200.6675567626953,201.98265075683594,10415044124,0.014574278854364575,206.712162562779,0.028593246950884114
2020-05-26,201.90231323242188,205.75254821777344,200.2642822265625,205.2595672607422,10159741290,-0.016644452016541522,205.06233433314733,0.028870120067412516
2020-05-27,208.86343383789062,208.86343383789062,201.78506469726562,201.89300537109375,10631034756,0.034477666422055187,204.88614763532365,0.03250951647309506
2020-05-28,219.84042358398438,220.27650451660156,206.24266052246094,208.88543701171875,12212469604,0.05255582341240994,207.73712158203125,0.02987764143241417
2020-05-29,220.6751251220703,224.2168731689453,218.23805236816406,219.925048828125,12265816557,0.0037968519368642983,209.66654096330916,0.02830863103132039
2020-05-30,242.34559631347656,243.94314575195312,218.7444610595703,220.7172088623047,15027397867,0.0982007880562834,214.4738551548549,0.04379951862719554
2020-05-31,230.9757080078125,244.04525756835938,230.05282592773438,242.35137939453125,12234904813,-0.046916009527802616,218.56033543178015,0.04742959005889551
2020-06-01,246.99176025390625,248.2362823486328,230.48805236816406,230.86026000976562,13951727936,0.06934085140049451,224.51348005022322,0.05078269297692795
2020-06-02,237.21905517578125,252.2220001220703,233.2252960205078,246.82818603515625,13782107567,-0.03956692752858926,229.55872889927454,0.05471533530674011
2020-06-03,244.1793212890625,244.1793212890625,235.46444702148438,237.3952178955078,9861760817,0.02934109196296908,234.6038556780134,0.05459440082604514
2020-06-04,244.4263916015625,245.92897033691406,236.7653045654297,244.10528564453125,10170414304,0.0010118396234197746,238.1161368233817,0.05353877031020619
2020-06-05,241.22198486328125,247.32949829101562,240.6820526123047,244.34959411621094,9293963914,-0.01310990485636565,241.05140250069755,0.0545764507102946
2020-06-06,241.9313201904297,245.98104858398438,239.7245330810547,241.20135498046875,8114873845,0.0029405915366731428,240.99222019740515,0.04003316541288702
2020-06-07,245.16725158691406,245.4352569580078,236.32525634765625,241.9080810546875,9544883157,0.013375413294720584,243.01958356584822,0.03421020377482061
2020-06-08,246.30990600585938,246.64419555664062,241.5421905517578,245.17857360839844,8076783299,0.00466071390672762,242.92217581612724,0.021634642738562034
2020-06-09,244.9114532470703,248.34243774414062,242.3385467529297,246.17501831054688,8446545788,-0.005677614763718863,244.0210898263114,0.013687068719926015
2020-06-10,247.4449462890625,248.65115356445312,242.8197479248047,244.8220672607422,8792990206,0.01034452659686913,244.48760768345423,0.009084760272846238
2020-06-11,231.70266723632812,249.8883056640625,229.94297790527344,247.5485382080078,12356528860,-0.06361931932262788,242.66993277413505,0.026441707123168623
2020-06-12,237.4932098388672,239.3546905517578,229.6450653076172,231.62545776367188,8868955009,0.02499126432857568,242.13725062779017,0.028857152774740838
2020-06-13,238.90884399414062,239.19309997558594,235.88967895507812,237.54461669921875,7141624980,0.005960735282637852,241.7054683140346,0.028963183763830832
2020-06-14,234.1147003173828,239.10145568847656,232.95819091796875,238.9681854248047,7439385176,-0.020066832171668714,240.12653241838728,0.0288732721448678
2020-06-15,229.9289093017578,234.2378387451172,221.24176025390625,234.0583038330078,10536099884,-0.017879231889114333,237.78639003208704,0.02871649914212704
2020-06-16,234.41616821289062,236.39430236816406,228.4261474609375,229.76229858398438,7965648016,0.01951585350776286,236.2870635986328,0.03076923711836867
2020-06-17,233.0282745361328,235.9540557861328,229.34164428710938,234.49237060546875,7701391592,-0.005920639720965681,234.2275390625,0.029948121345141028
2020-06-18,232.10116577148438,234.57064819335938,228.95143127441406,232.89869689941406,6713800872,-0.003978524779853165,234.28446742466517,0.017383933781141826
2020-06-19,227.13829040527344,232.15411376953125,226.79518127441406,231.95497131347656,6946372590,-0.021382380177690008,232.80519321986608,0.015129343212664889
2020-06-20,229.27426147460938,231.4490203857422,226.640625,226.9763641357422,6252830566,0.009403835282570938,231.42882428850447,0.015639853473539155
2020-06-21,228.9898223876953,232.35894775390625,228.4929962158203,229.2161407470703,5600408178,-0.0012406062725255351,230.69669886997767,0.014333365491616373
2020-06-22,242.53318786621094,243.77601623535156,228.9347381591797,229.0033721923828,9079586552,0.05914396254513776,232.497310093471,0.025936598478997028
2020-06-23,244.14215087890625,244.86441040039062,239.75973510742188,242.53701782226562,6624530348,0.0066339911121064965,233.88673618861608,0.025429970394409952
2020-06-24,235.7724609375,248.50802612304688,232.8077392578125,244.18592834472656,8815030025,-0.03428203573727662,234.2787628173828,0.029583431473698796
2020-06-25,232.94448852539062,236.05340576171875,230.29660034179688,235.70285034179688,7010426122,-0.01199449842812228,234.39923749651228,0.030007452925784665
2020-06-26,229.6680450439453,233.9019317626953,229.25946044921875,232.8774871826172,7187490226,-0.014065340211250277,234.76063101632255,0.029219083256858517
2020-06-27,222.9597930908203,232.49342346191406,220.5645751953125,229.63148498535156,6918380955,-0.029208468909296514,233.85856410435267,0.03115625431963328
2020-06-28,225.34716796875,228.59828186035156,219.47267150878906,222.91448974609375,6205925718,0.01070764753067932,233.3381849016462,0.0316290540241909
2020-06-29,228.1948699951172,229.90321350097656,222.25498962402344,225.36143493652344,6726164653,0.012636955023823893,231.28985377720423,0.01906777440757999
2020-06-30,226.31500244140625,229.476806640625,224.815185546875,227.9684295654297,6094093001,-0.008237992176384878,228.7431182861328,0.017891383666225134
2020-07-01,231.11341857910156,232.75611877441406,224.8357391357422,226.13458251953125,6463737443,0.021202377597294486,228.0775408063616,0.01795938609861437
2020-07-02,229.39219665527344,232.39688110351562,225.4619598388672,231.28890991210938,6212210566,-0.00744752050491182,227.57007053920202,0.01764705846956581
2020-07-03,225.38706970214844,229.6293182373047,224.91397094726562,229.31895446777344,5109032700,-0.017459734949675898,226.95850263323103,0.01807344791874039
2020-07-04,229.07411193847656,230.05413818359375,225.13331604003906,225.28848266601562,5228310135,0.016358712330749814,227.83197675432478,0.014773711433871696
2020-07-05,227.6645965576172,229.85671997070312,224.54449462890625,228.9761962890625,5292172429,-0.006153097654430395,228.1630379813058,0.014865519541141988
2020-07-06,241.51022338867188,242.13270568847656,227.02952575683594,227.6850128173828,8782917553,0.06081589777420948,230.0652313232422,0.02702820272341766
2020-07-07,239.07553100585938,242.68185424804688,234.21865844726562,240.97259521484375,6441497597,-0.01008111519525301,231.88816397530692,0.027226006943500487
2020-07-08,246.67001342773438,248.30886840820312,238.39837646484375,239.15997314453125,9892586411,0.03176603807977685,234.11053466796875,0.028338383643677648
2020-07-09,243.01596069335938,247.2916717529297,239.89865112304688,246.748291015625,8429099199,-0.014813526312331904,236.0567866734096,0.029204155257750303
2020-07-10,240.9849853515625,242.8837890625,236.73052978515625,242.86801147460938,7281370522,-0.008357374289335584,238.2850603376116,0.02802765394713206
2020-07-11,239.4581756591797,241.52748107910156,238.33123779296875,241.04478454589844,5643067316,-0.006335704650459517,239.76849801199776,0.028469662328954023
2020-07-12,242.13169860839844,243.31114196777344,237.7702178955078,239.4596405029297,6596394718,0.011164884814891307,241.8352268763951,0.02791448196323002
2020-07-13,239.60458374023438,244.31051635742188,238.2323760986328,242.18186950683594,7787751468,-0.010436943542246335,241.562992640904,0.016665999244989214
2020-07-14,240.21148681640625,242.0037841796875,237.7961883544922,239.97561645507812,7357458555,0.0025329360010484248,241.72527204241072,0.016197507011715923
2020-07-15,238.42352294921875,241.40269470214844,237.09617614746094,240.14364624023438,6189328448,-0.007443290455772633,240.54720197405135,0.008781557305471123
2020-07-16,233.64088439941406,239.00625610351562,231.6211700439453,238.45091247558594,5832057567,-0.020059424047782937,239.20790536063058,0.009926471620501228
2020-07-17,232.77308654785156,234.41506958007812,232.10997009277344,233.69139099121094,5859850529,-0.0037142380015947607,238.03477696010046,0.009863489401251726
2020-07-18,235.4838104248047,236.54397583007812,232.32489013671875,232.85568237304688,5397402117,0.01164534919888971,237.46701049804688,0.011613119826776944
2020-07-19,238.48751831054688,239.1606903076172,233.2797393798828,235.4582977294922,6251377305,0.01275547512299724,236.94641331263952,0.011932350011442015
2020-07-20,236.15316772460938,239.5762481689453,234.85264587402344,238.494873046875,5600686192,-0.009788145738083509,236.45335388183594,0.01185912037581036
2020-07-21,245.0167236328125,246.18626403808594,235.68096923828125,236.30250549316406,6806696015,0.037533080727248036,237.1398162841797,0.019200092510250726
2020-07-22,262.1906433105469,262.98504638671875,242.48434448242188,245.03726196289062,7702077383,0.07009284681918926,240.53511919294084,0.030948856105958794
2020-07-23,274.6890563964844,277.5834655761719,261.0470886230469,262.3886413574219,10281309262,0.047669180441096026,246.3991437639509,0.02902944838208087
2020-07-24,279.2154235839844,286.1928405761719,269.2397766113281,274.7226867675781,9466060358,0.01647814895460087,253.0337633405413,0.026761062736495218
2020-07-25,304.0567626953125,306.7409973144531,279.0263671875,279.0263671875,10785021813,0.08896836282346765,262.8298993791853,0.03441140563531262
2020-07-26,309.64361572265625,316.3863220214844,300.267822265625,303.6923828125,12003973026,0.018374375158832335,272.99505615234375,0.03379328311686236
2020-07-27,321.51409912109375,330.7012023925781,309.6579284667969,309.6579284667969,15644257058,0.03833595396673628,285.1894749232701,0.02643141384957765
2020-07-28,316.6572570800781,325.9059753417969,307.7213439941406,321.8297424316406,12357108065,-0.015106155699835644,295.423836844308,0.03509451134333144
2020-07-29,318.1908874511719,324.38079833984375,313.1095886230469,316.55535888671875,10878845706,0.004843187189946141,303.4238717215402,0.033736282624814595
2020-07-30,334.5866394042969,338.6311950683594,315.7510986328125,318.1449890136719,11827689045,0.05152803741320544,311.9806692940848,0.03413077020523533
2020-07-31,345.5546569824219,348.6113586425781,329.3409423828125,334.63372802734375,12030600492,0.032780799608892464,321.45770263671875,0.0336823922036453
2020-08-01,385.19970703125,388.84796142578125,343.5874328613281,345.7986145019531,14045259477,0.11472873899322056,333.049551827567,0.041517745775894115
2020-08-02,370.6717224121094,411.2283020019531,357.1436462402344,385.54986572265625,18909744275,-0.037715461237258996,341.7678527832031,0.04985278174353079
2020-08-03,386.295166015625,396.5069885253906,369.3363342285156,371.13385009765625,12834648062,0.042149003171452204,351.0222909109933,0.0500171304687131
2020-08-04,389.87548828125,400.70062255859375,382.985107421875,386.1564636230469,14086704221,0.009268358966418422,361.48203822544644,0.04732438195441045
2020-08-05,401.590576171875,406.303955078125,386.2184753417969,389.7108154296875,12875466638,0.030048280137513927,373.39627947126115,0.045933569743302496
2020-08-06,394.9619445800781,403.4886779785156,392.6001892089844,401.5838623046875,11304626458,-0.016505944076137702,382.02132306780135,0.04887877730761906
2020-08-07,379.5128479003906,398.2490234375,367.9355163574219,395.22686767578125,12751687084,-0.03911540565284821,386.8724931989397,0.0542241612475057
2020-08-08,393.98736572265625,393.98736572265625,377.3497314453125,379.55157470703125,9342060531,0.038139730716217235,388.1278730119978,0.034991235916451854
2020-08-09,391.1204528808594,399.7370910644531,385.8307189941406,395.30523681640625,9451065592,-0.007276661870967205,391.0491202218192,0.030594119368312227
2020-08-10,395.8875732421875,399.3759460449219,391.04150390625,391.04150390625,11685827893,0.01218836889304864,392.4194641113281,0.02691099455655397
2020-08-11,380.3840637207031,398.4789123535156,370.8606262207031,395.89471435546875,12792218737,-0.039161394722536436,391.0635463169643,0.031166102104971633
2020-08-12,391.024169921875,391.31231689453125,367.9236145019531,380.0638122558594,12408772745,0.027972008335723553,389.55405970982144,0.03080587328718128
2020-08-13,428.7417907714844,432.90460205078125,379.71087646484375,390.8381042480469,18480303526,0.09645854080361627,394.3797520228795,0.047731302274574075
2020-08-14,437.3978271484375,444.5777587890625,423.3458557128906,428.6772766113281,15064589987,0.020189392691058572,402.64903477260043,0.04189930364563617
2020-08-15,433.35491943359375,441.7546081542969,429.8746032714844,437.56298828125,12416067894,-0.009243090532024323,408.2729710170201,0.04253213103546016
2020-08-16,433.78662109375,436.2658386230469,415.08624267578125,433.3505859375,12168816874,0.0009961849763249209,414.3681379045759,0.041938699631594925
2020-08-17,429.53125,442.7349853515625,422.64727783203125,433.9737548828125,13227089410,-0.009809825584340293,419.17437744140625,0.0430489503683053
2020-08-18,423.6693115234375,432.5802917480469,419.6741027832031,429.66961669921875,11978984079,-0.013647292197162653,425.3579842703683,0.038819612859429746
2020-08-19,406.4637756347656,427.024658203125,396.6783447265625,423.73858642578125,13137391167,-0.04061076745635395,427.5636422293527,0.04368300415280262
2020-08-20,416.4397888183594,418.73443603515625,404.0260925292969,406.7589111328125,10043032427,0.024543424978067163,425.80621337890625,0.02205845771620376
2020-08-21,389.1263427734375,418.6379699707031,387.4411315917969,416.1487731933594,11781796374,-0.06558798361324525,418.9102870396205,0.029116269648146762
2020-08-22,395.83514404296875,396.4665832519531,382.81463623046875,389.0310974121094,10131847985,0.017240676181713432,413.5503191266741,0.03176978919267076
2020-08-23,391.3844909667969,396.49041748046875,385.039794921875,395.5628356933594,8137303970,-0.011243703706330654,407.4928719656808,0.03124134502849411
2020-08-24,408.1441955566406,409.3885803222656,389.3146057128906,391.6789855957031,10328860398,0.04282158587440188,404.4375784737723,0.038053285465926776
2020-08-25,384.00103759765625,408.5279235839844,374.3553771972656,408.0716857910156,12428442042,-0.05915350070348824,398.7706821986607,0.04301355855659623
2020-08-26,386.46612548828125,391.8732604980469,378.7058410644531,383.9774475097656,9967343483,0.006419482369232066,395.9138750348772,0.04165950834280093
2020-08-27,382.63262939453125,395.34918212890625,374.8664855957031,386.60986328125,10457777652,-0.00991935862142268,391.0842808314732,0.039363124575899584
2020-08-28,395.8746643066406,397.75762939453125,381.2738342285156,382.62957763671875,9120674421,0.034607699121382396,392.04832676478793,0.03423482210218636
2020-08-29,399.9214782714844,405.6163635253906,393.03741455078125,395.6875915527344,8777703481,0.010222462637086371,392.632088797433,0.033847731286091615
2020-08-30,428.3957214355469,428.6639709472656,399.6083679199219,399.61669921875,11211948040,0.07119958469630605,397.9194074358259,0.0418767916505762
2020-08-31,435.0797424316406,438.5603332519531,419.7701721191406,428.5090026855469,12774741797,0.015602445733341463,401.767342703683,0.03994584573887105
2020-09-01,477.0519104003906,487.2118835449219,432.0791931152344,434.87445068359375,18862763756,0.09647005795804109,415.0603245326451,0.0384154493679833
2020-09-02,440.0404968261719,480.33099365234375,424.46002197265625,477.00787353515625,19691854014,-0.07758361882075893,422.71380615234375,0.056590738655892814
2020-09-03,385.67193603515625,449.532470703125,381.12969970703125,440.239990234375,19622845896,-0.123553539238214,423.1479928152902,0.07863661367652107
2020-09-04,388.24114990234375,402.4117431640625,371.6366882324219,384.671630859375,16747106257,0.006661656260499305,422.05749075753346,0.07751636726522525
2020-09-05,335.26007080078125,394.1722717285156,316.77435302734375,388.03839111328125,29880047640,-0.13646435756459385,412.8201468331473,0.09260649067418911
2020-09-06,353.3622741699219,359.7640380859375,319.0419006347656,335.3345642089844,27643678917,0.053994510368928994,402.101082938058,0.08993851184208765
2020-09-07,352.6734924316406,358.2118835449219,326.2543640136719,353.45025634765625,21763614732,-0.0019492226211732522,390.3287615094866,0.08890366674456474
2020-09-08,337.60211181640625,355.5628662109375,328.8167724609375,353.2022705078125,17991403432,-0.04273465666874776,370.40736171177457,0.0706153221991331
2020-09-09,351.1100158691406,359.16448974609375,332.1650085449219,337.8249206542969,14547933520,0.04001131385125989,357.70300728934154,0.07564345793923817
2020-09-10,368.1018981933594,377.3935852050781,351.11175537109375,351.4293212890625,31421134556,0.04839475251697656,355.1930018833705,0.06734023099703967
2020-09-11,374.6955871582031,376.6304016113281,355.58258056640625,368.1184997558594,27296269329,0.01791267308646205,353.25792149135043,0.0677861659156003
2020-09-12,387.18310546875,387.5384521484375,367.8421936035156,374.59539794921875,13295405814,0.03332710268956118,360.67549787248885,0.03403492259261138
2020-09-13,365.57000732421875,388.9598083496094,354.3401794433594,387.519287109375,15005899191,-0.05582138745017029,362.4194597516741,0.041031978657618304
2020-09-14,377.26885986328125,384.4851989746094,357.56976318359375,365.6995849609375,17536695361,0.03200167493140915,365.9330836704799,0.04198751310369691
2020-09-15,364.8392028808594,381.50830078125,363.6068115234375,377.1540222167969,16140584321,-0.0329464164811436,369.8240966796875,0.040039200343794164
2020-09-16,365.8122863769531,372.7674255371094,356.6827392578125,364.7439880371094,16107612177,0.002667157170638479,371.92442103794644,0.03810099270125049
2020-09-17,389.01922607421875,393.901611328125,364.7951354980469,365.86578369140625,19899531080,0.06343947582272258,374.91261073521207,0.041159364738480496
2020-09-18,384.3645324707031,391.9041442871094,376.9649963378906,389.3374938964844,14108357740,-0.011965201952840232,376.2938886369978,0.04158621763556915
2020-09-19,385.54437255859375,387.07635498046875,378.72406005859375,384.0416564941406,11049507684,0.003069586260487034,376.0597839355469,0.03960185563151952
2020-09-20,371.0528259277344,385.5979919433594,367.0943603515625,385.5979919433594,12292195784,-0.03758723421298804,376.8430437360491,0.03572300652659338
2020-09-21,341.78607177734375,375.7370300292969,336.0689697265625,371.400146484375,17398267133,-0.07887489895061617,371.7740740094866,0.04413888071904238
2020-09-22,344.503173828125,346.600830078125,336.85504150390625,341.72381591796875,12732578043,0.00794971555350954,368.8689270019531,0.04379029731983057
2020-09-23,321.1163024902344,344.67138671875,318.9692077636719,344.58990478515625,12899346599,-0.06788579355602253,362.4837864467076,0.04892455497423238
2020-09-24,349.3555908203125,351.46148681640625,318.54510498046875,320.9850158691406,15714304470,0.08794099866959249,356.8175528390067,0.056032724733875515
2020-09-25,352.1832580566406,357.7727355957031,339.01593017578125,349.41143798828125,14381086966,0.008093951580075087,352.22022792271207,0.05665805223773517
2020-09-26,355.48809814453125,355.8547668457031,348.10711669921875,352.35089111328125,13049148579,0.009383864826871147,347.92647443498885,0.05696957092736822
2020-09-27,357.4385070800781,361.9844055175781,349.8340759277344,354.95989990234375,13598126926,0.005486566064312859,345.98157174246654,0.0558255813738541
2020-09-28,355.159423828125,366.4321594238281,354.5476379394531,357.9259338378906,14258455166,-0.006376154798124589,347.89205060686385,0.04536067773653159
2020-09-29,359.75738525390625,360.3533630371094,352.1468505859375,354.3630065917969,11600013236,0.012946190125610713,350.0712236676897,0.04542893056772665
2020-09-30,359.9378662109375,361.17877197265625,353.32794189453125,360.03851318359375,11818610610,0.0005016740848944323,355.6171613420759,0.031982888483875135
2020-10-01,353.2059020996094,369.264404296875,346.47705078125,360.30914306640625,14679481911,-0.01870312835433363,356.1672058105469,0.010982116109413154
2020-10-02,346.2389221191406,354.11541748046875,336.4671630859375,352.9496765136719,14215390463,-0.01972498177140869,355.3180149623326,0.013081318518258889
2020-10-03,346.5220947265625,351.3077087402344,344.66656494140625,346.2186279296875,10060167889,0.0008178531913418663,354.0371573311942,0.012168995277513035
2020-10-04,352.5790100097656,354.0457458496094,345.1310119628906,346.60223388671875,10696959020,0.017479160421163265,353.3429434640067,0.01431327340281421
2020-10-05,353.956787109375,355.2140808105469,349.6799011230469,352.73681640625,11809507622,0.003907711634822508,353.17113821847096,0.014300915312953083
2020-10-06,340.81585693359375,354.989013671875,338.0032958984375,353.95648193359375,12830796112,-0.03712580364145024,350.46520560128346,0.018438813516030432
2020-10-07,341.80865478515625,342.4508361816406,334.5455627441406,340.9430847167969,11929918060,0.0029130036979352347,347.8753182547433,0.018635770699099483
2020-10-08,350.7661437988281,352.21148681640625,335.6474914550781,342.0446472167969,13461017711,0.02620615039517382,347.5267813546317,0.021524189652245205
2020-10-09,365.5904846191406,368.3103332519531,348.2058410644531,351.1128845214844,13043501763,0.042262747082040475,350.2912902832031,0.024919101233837462
2020-10-10,370.96759033203125,378.26715087890625,365.3540344238281,365.4024658203125,13618484324,0.014708002366342399,353.7835039411272,0.02479849643435928
2020-10-11,375.1420593261719,377.2467956542969,369.8280334472656,370.9284362792969,12584512533,0.011252921017721018,357.00679670061385,0.024598478502135233
2020-10-12,387.73126220703125,395.1221618652344,366.642333984375,374.7987365722656,15867455424,0.033558494889834645,361.8317217145647,0.026053071575312493
2020-10-13,381.1907653808594,387.37567138671875,375.58245849609375,387.1429443359375,14226744838,-0.01686863418993423,367.5995657784598,0.01990572981568968
2020-10-14,379.4840393066406,387.2961730957031,374.1750183105469,381.9714660644531,13918846567,-0.0044773541995790644,372.9817635672433,0.020904427892591625
2020-10-15,377.44183349609375,381.2087707519531,371.3541259765625,379.1922302246094,14964182545,-0.005381532815657342,376.7925763811384,0.021540974712977876
2020-10-16,366.22900390625,380.0215148925781,362.597412109375,377.8684997558594,14670784817,-0.02970743726519065,376.88379342215404,0.021149693698394534
2020-10-17,368.8559265136719,369.76812744140625,364.489013671875,366.0157165527344,10951115359,0.0071728961371237965,376.5821271623884,0.020483781159551587
2020-10-18,378.21368408203125,378.59765625,368.129150390625,368.7275390625,11047103109,0.025369682024107387,377.0209306989397,0.022449893641392292
2020-10-19,379.93560791015625,383.3176574707031,373.7022705078125,378.4696350097656,12811242092,0.004552780347713448,375.90726579938615,0.017693962301679453
2020-10-20,369.13690185546875,380.7610168457031,367.60107421875,379.7196960449219,13741586582,-0.02842246378033897,374.18528529575894,0.019658888825454874
2020-10-21,392.1899719238281,400.62725830078125,368.72796630859375,369.0594177246094,20241324322,0.06245127472350509,376.0004185267857,0.03201506107891855
2020-10-22,413.7729797363281,420.14166259765625,391.27630615234375,391.4886169433594,15772846485,0.055032023655851914,381.1905822753906,0.036528399233252455
2020-10-23,409.7666931152344,418.9599304199219,403.08203125,414.05133056640625,14256222052,-0.009682330208334755,387.4102521623884,0.03318645647215506
2020-10-24,412.4576110839844,416.59967041015625,407.8517150878906,409.7672424316406,12201739194,0.006566951423729428,393.6390642438616,0.033216040542502594
2020-10-25,406.2177734375,417.1592102050781,405.35064697265625,412.4576416015625,10890207469,-0.015128433756102622,397.6396484375,0.034908156099404807
2020-10-26,393.8883056640625,411.2798767089844,383.78289794921875,406.2179870605469,15155684229,-0.030351866854822607,399.6328909737723,0.038274406353757284
2020-10-27,403.9970397949219,409.7728576660156,390.60845947265625,393.88818359375,13940434102,0.025663961040470307,404.61291067940846,0.035583607875347444
2020-10-28,388.6507568359375,408.9647521972656,381.1463317871094,403.9971008300781,15276441134,-0.037986127241859236,404.1073085239955,0.03269081700780587
2020-10-29,386.7301025390625,393.2276916503906,381.28875732421875,388.65106201171875,12920477749,-0.004941851425972588,400.2440403529576,0.021576768140189852
2020-10-30,382.8199768066406,391.4647216796875,375.0924072265625,386.7302551269531,13688056970,-0.010110735385608915,396.3945094517299,0.021578281708611865
2020-10-31,386.59033203125,393.0101318359375,381.2952575683594,382.8200378417969,11276963426,0.009848898837674147,392.69918387276783,0.022016013001572483
2020-11-01,396.3581848144531,397.1161193847656,385.16552734375,386.59033203125,10475146018,0.02526667630791546,391.2906712123326,0.025205284291033442
2020-11-02,383.15673828125,403.2407531738281,381.01763916015625,396.3559875488281,13997574252,-0.033306859903456054,389.7575901576451,0.025754001853422116
2020-11-03,387.6021728515625,389.515380859375,371.312744140625,383.1560363769531,12588494762,0.011602130737028649,387.41546630859375,0.023539394452617518
2020-11-04,402.1419982910156,407.6656494140625,377.8276062011719,387.60321044921875,15126077675,0.03751223924387381,389.34278651646207,0.023556194571926477
2020-11-05,414.0673522949219,417.52593994140625,397.2458190917969,402.1429443359375,15440711038,0.02965458483467409,393.24810791015625,0.024694067164598127
2020-11-06,454.71929931640625,456.20062255859375,412.9822998046875,414.06671142578125,16738305610,0.0981771366329065,403.5194396972656,0.0394544470033599
2020-11-07,435.713134765625,465.67547607421875,428.45635986328125,454.7225646972656,18873289788,-0.04179757617359503,410.53698294503346,0.04698694124630627
2020-11-08,453.5547790527344,457.78045654296875,433.1537780761719,435.71881103515625,11292383601,0.040948144234179695,418.70792497907365,0.0477499617067004
2020-11-09,444.1630554199219,457.349609375,435.16387939453125,453.57415771484375,13704320630,-0.02070692244149086,427.42311314174106,0.045576057815925164
2020-11-10,449.67962646484375,453.75836181640625,439.6001281738281,444.1663818359375,12090381666,0.01242014836129579,436.29132080078125,0.045545398133413746
2020-11-11,462.9605407714844,473.578857421875,449.5249328613281,449.6796569824219,14075403511,0.029534169495399443,444.9796840122768,0.045200246227157834
2020-11-12,461.0052795410156,467.6778259277344,452.0724182128906,462.95953369140625,12877327234,-0.004223386354289427,451.6851021902902,0.045948583602120716
2020-11-13,474.6264343261719,475.2172546386719,457.2982482910156,461.0054931640625,13191505725,0.029546635124694687,454.5289786202567,0.030197405158675108
2020-11-14,460.14984130859375,475.16143798828125,452.986083984375,474.6264343261719,10312037942,-0.030501025586850417,458.01993669782365,0.027351951255869485
2020-11-15,447.55908203125,460.99407958984375,440.25433349609375,460.14990234375,10308617165,-0.027362302769762148,457.1634085518973,0.02584226153596692
2020-11-16,459.9403076171875,463.8310241699219,445.5016174316406,447.5589904785156,11441239444,0.027663890831452376,459.4173017229353,0.02634789266216889
2020-11-17,480.3600769042969,482.2322082519531,460.776611328125,464.4066467285156,14593057877,0.044396563964784974,463.8002232142857,0.030268914576212384
2020-11-18,479.48406982421875,491.9999084472656,465.8309631347656,480.3468322753906,17880199224,-0.001823646722940775,466.16072736467635,0.029173372728552607
2020-11-19,471.63043212890625,480.1217346191406,465.7042541503906,479.48101806640625,12473929218,-0.016379350617824917,467.67860630580356,0.030184919779954
2020-11-20,509.74456787109375,513.6103515625,471.6314697265625,471.6314697265625,18629943296,0.08081356321758748,472.6954825265067,0.04158329035871382
2020-11-21,549.4866333007812,550.2274169921875,504.2377624511719,509.7445983886719,20757099184,0.07796466688339021,485.45788138253346,0.04370778864006102
2020-11-22,558.068115234375,579.3724975585938,514.5172119140625,549.4866333007812,21967049601,0.015617271492200935,501.24488612583707,0.0374575352504445
2020-11-23,608.4540405273438,609.9876098632812,551.2652587890625,558.0595092773438,27272302872,0.09028633587462331,522.4611336844308,0.04312883399454207
2020-11-24,603.8977661132812,621.1734008789062,593.8351440429688,608.5227661132812,23281758100,-0.007488280314670304,540.109375,0.046856212346695826
2020-11-25,570.6866455078125,605.0941772460938,559.67138671875,603.9020385742188,20088492893,-0.05499460748003315,553.1383143833706,0.05689303395471912
2020-11-26,518.8011474609375,575.6414794921875,485.497314453125,570.514892578125,31104004592,-0.09091766638538712,559.8769880022321,0.07139359365868862
2020-11-27,517.4937133789062,530.7771606445312,497.24261474609375,519.1080932617188,16831105703,-0.0025201063807008817,560.9840087890625,0.06546663754194586
2020-11-28,538.2297973632812,548.0448608398438,508.1253662109375,517.5973510742188,14770243833,0.04007021428140933,559.3758893694196,0.059637605095247084
2020-11-29,575.758056640625,576.6024169921875,531.987548828125,538.2645874023438,15017517758,0.06972534679646114,561.9030238560268,0.06543841962864
2020-11-30,614.842529296875,615.2405395507812,571.5377807617188,575.757080078125,20276867833,0.06788350107386454,562.8156651088169,0.06104730050060297
2020-12-01,587.3241577148438,635.1605834960938,571.7539672851562,615.0703125,27178964465,-0.04475677961558855,560.4480067661831,0.06369327382790442
2020-12-02,598.3523559570312,604.0224609375,578.7410278320312,587.2615966796875,16883292129,0.018777021338771238,564.4002511160714,0.059467945821904664
2020-12-03,616.708740234375,622.4526977539062,588.3463745117188,598.459228515625,16146190946,0.030678218435329363,578.3870500837054,0.04032663349265342
2020-12-04,569.3541870117188,618.983154296875,569.2835083007812,616.7227783203125,16337589997,-0.07678592848328947,585.7956891741071,0.05579067382546281
2020-12-05,596.595458984375,596.595458984375,563.1066284179688,569.34765625,13498010566,0.047845914887590935,594.1336408342634,0.056444637380715694
2020-12-06,601.9089965820312,606.7919311523438,584.4117431640625,596.5686645507812,11290893016,0.008906433191264718,597.8694893973214,0.051275770018893184
2020-12-07,591.8433837890625,602.9179077148438,585.4286499023438,601.797119140625,10720480962,-0.01672281499383932,594.5838971819196,0.044148179518630995
2020-12-08,554.8277587890625,594.7515869140625,552.46923828125,591.9008178710938,14398919320,-0.06254293959158741,589.9415544782366,0.04724883996669689
2020-12-09,573.4791259765625,577.2883911132812,532.9984130859375,554.7929077148438,15855915840,0.033616499701109914,586.3882359095982,0.04890821801714964
2020-12-10,559.6785278320312,574.6001586914062,549.7840576171875,573.5040283203125,11672582040,-0.024064691319026776,578.2410627092634,0.046573285262504156
2020-12-11,545.79736328125,560.376708984375,537.8116455078125,559.67919921875,11098819124,-0.024802031631535493,574.8758021763393,0.03803599120317249
2020-12-12,568.5673217773438,573.3394165039062,545.24560546875,545.5785522460938,8534557897,0.041718703731370654,570.8717825753348,0.03665188711748536
2020-12-13,589.6632080078125,593.78125,564.5659790039062,568.60986328125,9070377862,0.037103585490145585,569.1223842075893,0.03999485961357159
2020-12-14,586.0111694335938,590.4929809570312,577.118408203125,589.782470703125,8125837102,-0.006193431308962327,568.2892107282366,0.039555053129336326
2020-12-15,589.3555908203125,596.2477416992188,580.6287841796875,586.0217895507812,9326645840,0.005707094951707736,573.2217581612723,0.028704909080442417
2020-12-16,636.1818237304688,636.6403198242188,582.0391235351562,589.378662109375,15817248373,0.07945327683237835,582.1792864118304,0.038730384177704906
2020-12-17,642.8689575195312,673.834228515625,628.7493896484375,636.1541748046875,25479532147,0.010511356250089365,594.0636335100446,0.0348444583754386
2020-12-18,654.8119506835938,662.6990966796875,632.3560791015625,642.9169921875,15756303983,0.018577647939548747,609.6371459960938,0.028773335100383917
2020-12-19,659.2979125976562,668.7695922851562,646.6162109375,654.6242065429688,12830893778,0.006850763657229253,622.5986589704241,0.02875749428815161
2020-12-20,638.2908325195312,659.9237060546875,625.0144653320312,659.18505859375,13375855442,-0.03186280386564,629.5454624720982,0.0339518219302053
2020-12-21,609.81787109375,646.8465576171875,600.8360595703125,638.315185546875,14419493621,-0.04460813155249255,632.9464198521206,0.03993438451094047
2020-12-22,634.8541870117188,635.0765991210938,589.552001953125,609.4205322265625,14745890080,0.04105539884074627,639.4462193080357,0.04201640856856437
2020-12-23,583.714599609375,637.122802734375,560.3642578125,634.8245849609375,15261413038,-0.0805532804990381,631.9509015764509,0.042361738244467706
2020-12-24,611.607177734375,613.815185546875,568.5963745117188,584.1356201171875,14317413703,0.04778461622112218,627.4849330357143,0.047598635980769174
2020-12-25,626.4107055664062,633.0614013671875,605.4244384765625,611.5545654296875,13520927700,0.02420430689984565,623.4276123046875,0.048129534460171666
2020-12-26,635.8358154296875,650.721435546875,617.402099609375,626.498046875,14761125202,0.015046214535492375,620.0758841378348,0.04857213375237738
2020-12-27,682.642333984375,711.3935546875,628.3349609375,635.8871459960938,26093552821,0.07361415859069909,626.4118129185268,0.05453123124270738
2020-12-28,730.3973388671875,745.8777465820312,683.205810546875,683.205810546875,24222565862,0.06995611391998069,643.637451171875,0.05222618200353984
2020-12-29,731.5201416015625,737.952880859375,692.1494140625,730.3587036132812,18710683199,0.0015372492130329984,657.4468732561384,0.052625944360125715
2020-12-30,751.6189575195312,754.30322265625,720.9888916015625,731.4728393554688,17294574210,0.027475410142453693,681.4332101004464,0.027498419323264734
2020-12-31,737.8034057617188,754.2994384765625,726.5119018554688,751.6266479492188,13926846861,-0.018381058140691575,699.4612426757812,0.033847704370241496
2021-01-01,730.3675537109375,749.2018432617188,719.792236328125,737.7083740234375,13652004358,-0.010078365039673964,714.3122209821429,0.03678020981076074
2021-01-02,774.5349731445312,786.7984619140625,718.1094970703125,730.4026489257812,19740771179,0.06047286631119175,734.1263863699777,0.03912930276389693
2021-01-03,975.5076904296875,1006.5650024414062,771.5616455078125,774.5118408203125,45200463368,0.2594753293956862,775.9642944335938,0.09599946616781306
2021-01-04,1040.2330322265625,1153.189208984375,912.3053588867188,977.058837890625,56945985763,0.06635041674388553,820.2265363420759,0.0959203634183274
2021-01-05,1100.006103515625,1129.3714599609375,986.811279296875,1041.498779296875,41535932781,0.057461231702209625,872.8673880440848,0.09298361392119729
2021-01-06,1207.1121826171875,1209.4285888671875,1064.2333984375,1101.0050048828125,44699914188,0.09736862255513934,937.9378487723214,0.09225109950668105
2021-01-07,1225.6781005859375,1282.57958984375,1167.443115234375,1208.078369140625,40468027280,0.015380441218393326,1007.6342337472098,0.08741869935028473
2021-01-08,1224.1971435546875,1273.8275146484375,1076.08154296875,1225.9678955078125,44334826666,-0.0012082756724967059,1078.1813180106026,0.08598061371632397
2021-01-09,1281.0772705078125,1303.871826171875,1182.2703857421875,1223.740478515625,33233105361,0.04646320835871487,1150.5445033482142,0.0866530957035772
2021-01-10,1262.2467041015625,1347.9261474609375,1194.715576171875,1280.87109375,40616938053,-0.014699009060386903,1191.5072195870537,0.04000976060138557
2021-01-11,1090.1453857421875,1261.6229248046875,924.922607421875,1261.6229248046875,60733630300,-0.13634523092842832,1198.6375558035713,0.07460172703446347
2021-01-12,1043.4345703125,1149.240234375,1012.76416015625,1088.5267333984375,37494601692,-0.0428482439504031,1190.555908203125,0.07341157210970303
2021-01-13,1130.7393798828125,1134.3385009765625,994.549072265625,1043.740966796875,30109792795,0.08367061246989871,1179.6455078125,0.07034251179330116
2021-01-14,1218.4530029296875,1244.1630859375,1093.060791015625,1130.231201171875,33410915929,0.07757191852287426,1178.6133510044642,0.07724185020527495
2021-01-15,1171.8345947265625,1250.505859375,1090.7210693359375,1221.877197265625,35972039310,-0.03826032525754719,1171.1329868861608,0.07873746581623578
2021-01-16,1233.53759765625,1290.0535888671875,1157.623779296875,1171.443115234375,32319240157,0.052655044668727724,1164.3416050502233,0.07942399655855441
2021-01-17,1230.1722412109375,1265.6446533203125,1174.3885498046875,1233.453369140625,29258032819,-0.0027282155417935883,1159.7595389229912,0.07924894877564727
2021-01-18,1257.279541015625,1259.4500732421875,1187.31103515625,1230.313232421875,25817455560,0.02203536943575002,1183.6358468191963,0.05208775283446705
2021-01-19,1377.2958984375,1432.300048828125,1254.52294921875,1257.4345703125,47195935190,0.09545717838129009,1231.330322265625,0.0496857977308956
2021-01-20,1382.2740478515625,1405.744140625,1243.2999267578125,1375.2484130859375,46784030909,0.00361443711529974,1267.2638462611608,0.047524037785046234
2021-01-21,1121.5709228515625,1382.6844482421875,1098.4761962890625,1382.6844482421875,45932464754,-0.18860451399286926,1253.423549107143,0.09035200252417477
2021-01-22,1236.51220703125,1271.6876220703125,1046.5965576171875,1118.8890380859375,43918338506,0.1024824037765284,1262.6632080078125,0.09783915167432852
2021-01-23,1230.9906005859375,1272.151123046875,1200.893310546875,1235.2679443359375,27253895441,-0.004465468609136769,1262.299351283482,0.09626530022573225
2021-01-24,1391.609375,1395.111328125,1225.2740478515625,1231.2105712890625,36418163554,0.13047928581876245,1285.3617989676338,0.10725891179563275
2021-01-25,1324.414794921875,1467.784912109375,1304.9739990234375,1390.639892578125,43565777745,-0.04828551839708972,1294.9525495256696,0.1106052144872229
2021-01-26,1357.05810546875,1376.0850830078125,1253.34033203125,1323.74169921875,41572917750,0.0246473466409749,1292.0614362444196,0.10489260099050794
2021-01-27,1253.1871337890625,1368.0740966796875,1215.311279296875,1358.3333740234375,39394416990,-0.07654128534445381,1273.6204485212054,0.10908514347641138
2021-01-28,1332.4921875,1356.2886962890625,1226.1739501953125,1251.27978515625,34637234789,0.06328269064744974,1303.7520577566963,0.07649111271759916
2021-01-29,1382.5228271484375,1428.981201171875,1292.2401123046875,1369.0867919921875,53611955259,0.03754666640282833,1324.6107177734375,0.0694800092682364
2021-01-30,1376.115478515625,1402.3997802734375,1328.529052734375,1382.23193359375,30616574234,-0.004634533699547028,1345.3428431919642,0.06948918733703247
2021-01-31,1314.9862060546875,1378.916015625,1288.5015869140625,1376.8236083984375,25198853581,-0.04442161534791822,1334.3966761997767,0.05143284197463884
2021-02-01,1369.04052734375,1373.8458251953125,1274.3577880859375,1314.855224609375,29210670920,0.041106378941601296,1340.7717808314733,0.05053881278883147
2021-02-02,1515.1937255859375,1542.990966796875,1362.771240234375,1369.505126953125,45437142801,0.10675593258422955,1363.362583705357,0.06349506957070913
2021-02-03,1660.9095458984375,1660.9095458984375,1510.01025390625,1514.7696533203125,41874566399,0.09616976222373852,1421.608642578125,0.05361014729726728
2021-02-04,1594.7626953125,1689.1866455078125,1561.853515625,1661.170166015625,44396871836,-0.03982567909810919,1459.0758579799108,0.06058217103590855
2021-02-05,1718.65087890625,1756.510986328125,1594.7933349609375,1594.7933349609375,40108628454,0.07768440029221635,1507.0941510881696,0.06351683346332664
2021-02-06,1677.8468017578125,1738.314453125,1649.0687255859375,1717.7974853515625,39873420648,-0.023741923184774527,1550.1986258370537,0.0657868733991456
2021-02-07,1614.227783203125,1690.03662109375,1501.750244140625,1677.605712890625,39889440151,-0.03791706041817189,1592.9474225725446,0.06458670588177692
2021-02-08,1746.6168212890625,1770.5908203125,1571.5799560546875,1613.6422119140625,48012285956,0.08201385173983122,1646.8868931361608,0.06739448112880618
2021-02-09,1768.0350341796875,1815.963623046875,1711.62060546875,1746.9261474609375,44180727529,0.012262685569933707,1683.007080078125,0.06024993773510822
2021-02-10,1744.243408203125,1826.69677734375,1686.5423583984375,1768.039794921875,41916084617,-0.01345653537210656,1694.9119175502233,0.05198652460867661
2021-02-11,1783.7979736328125,1806.5390625,1708.67919921875,1743.7142333984375,36021495262,0.022677205052725746,1721.916957310268,0.04755246141434326
2021-02-12,1843.5325927734375,1861.35693359375,1744.1689453125,1783.4891357421875,37905036865,0.03348732312940794,1739.7572021484375,0.04058776486417476
2021-02-13,1814.10986328125,1871.603515625,1770.612060546875,1843.98681640625,35359490535,-0.015959972504702824,1759.223353794643,0.03957926768756365
2021-02-14,1805.0841064453125,1848.154052734375,1789.9141845703125,1814.372314453125,31439114900,-0.004975308838028325,1786.4885428292412,0.03427568679742772
2021-02-15,1779.791015625,1833.83056640625,1683.9066162109375,1804.6767578125,38955610883,-0.014012139783403876,1791.2277134486608,0.019940105690422302
2021-02-16,1781.0675048828125,1824.5186767578125,1729.6419677734375,1778.945556640625,34269369268,0.0007172130023165302,1793.0894949776787,0.019505538154519518
2021-02-17,1848.458251953125,1853.6676025390625,1736.705810546875,1781.35009765625,35955412703,0.03783727842182305,1807.977329799107,0.022484317652561935
2021-02-18,1937.44921875,1949.9034423828125,1848.206298828125,1848.206298828125,28255902969,0.04814334686912458,1829.9275076729912,0.02679939846427272
2021-02-19,1960.164794921875,1969.5469970703125,1896.6844482421875,1938.85986328125,26268814253,0.0117244756414987,1846.5892508370537,0.025125197854053653
2021-02-20,1919.5340576171875,2036.2864990234375,1830.531494140625,1959.9029541015625,34696091102,-0.02072822520328288,1861.6498500279017,0.025967349659749228
2021-02-21,1935.60107421875,1974.2596435546875,1890.3681640625,1918.673095703125,23626547717,0.00837026909619265,1880.295131138393,0.025304261755513452
2021-02-22,1781.992919921875,1936.4537353515625,1580.6265869140625,1935.557861328125,42409646036,-0.0793594074434344,1880.6096888950892,0.042187346339849156
2021-02-23,1570.2039794921875,1781.4090576171875,1378.8409423828125,1781.4090576171875,52029864713,-0.11884948478862234,1850.486328125,0.061900537316405026
2021-02-24,1626.57568359375,1710.9837646484375,1511.0189208984375,1571.4764404296875,31329000537,0.03590087965500732,1818.788818359375,0.061622906253768775
2021-02-25,1475.7037353515625,1670.22412109375,1465.0589599609375,1625.3939208984375,24481681873,-0.09275433646521236,1752.8251778738838,0.06001734290847109
2021-02-26,1446.03369140625,1559.0289306640625,1407.979248046875,1478.6533203125,31435997881,-0.02010569143015961,1679.3778773716517,0.05687580620081479
2021-02-27,1459.97314453125,1524.932373046875,1433.7869873046875,1446.929443359375,20742103233,0.009639784472410318,1613.726318359375,0.05977095951461064
2021-02-28,1416.0489501953125,1468.3914794921875,1300.47216796875,1459.8604736328125,27637026080,-0.03008561801322729,1539.5045863560267,0.056618205052047475
2021-03-01,1564.7076416015625,1567.694580078125,1416.4161376953125,1417.151123046875,24032838645,0.10498132242232572,1508.463832310268,0.076017553654885
2021-03-02,1492.6087646484375,1597.610107421875,1461.325439453125,1564.0634765625,22523669722,-0.046078177824534605,1497.3788016183037,0.06354402030164147
2021-03-03,1575.8531494140625,1650.360595703125,1481.90576171875,1491.451171875,22674780680,0.055771067902868676,1490.1327253069196,0.06609434288622675
2021-03-04,1541.914306640625,1622.953857421875,1511.1033935546875,1574.623779296875,22906118718,-0.02153680549869552,1499.5913783482142,0.0543534603849996
2021-03-05,1533.2750244140625,1547.878173828125,1450.891357421875,1541.541748046875,21067146937,-0.005602958730816177,1512.0544259207588,0.053393199258787244
2021-03-06,1654.7415771484375,1669.1065673828125,1519.14111328125,1532.372802734375,22746262366,0.07922032955620151,1539.8784877232142,0.05952950163216128
2021-03-07,1723.15380859375,1730.9241943359375,1636.564453125,1655.3924560546875,23809935410,0.04134315133557287,1583.7506103515625,0.055600719225460324
2021-03-08,1834.7279052734375,1835.192138671875,1670.9420166015625,1724.229248046875,27630991158,0.06474993475523938,1622.3249337332588,0.04809870392603691
2021-03-09,1868.048828125,1868.048828125,1804.266357421875,1835.1480712890625,23461244507,0.01816123402047265,1675.959228515625,0.037454356106702134
2021-03-10,1799.166259765625,1873.80322265625,1766.490478515625,1868.489013671875,25154173185,-0.03687407273423038,1707.8611014229912,0.04393926032403924
2021-03-11,1826.1949462890625,1843.81884765625,1734.6170654296875,1798.033935546875,24013132909,0.015022895397648561,1748.472621372768,0.04020386499597876
2021-03-12,1772.1024169921875,1839.497314453125,1728.98095703125,1826.5467529296875,22435821312,-0.02962034771084776,1782.5908203125,0.04410129201849114
2021-03-13,1924.6854248046875,1937.6455078125,1733.639892578125,1772.1663818359375,25014689475,0.08610281570039335,1821.1542271205358,0.045646665398873215
2021-03-14,1854.5643310546875,1930.77978515625,1845.1199951171875,1923.86376953125,19344589211,-0.036432495849089586,1839.9271589006696,0.04964259496441789
2021-03-15,1791.7022705078125,1889.1966552734375,1749.6063232421875,1854.086669921875,26244738810,-0.03389586410902523,1833.7806396484375,0.04589590017083462
2021-03-16,1806.9718017578125,1817.0601806640625,1720.05322265625,1792.413818359375,23828509590,0.008522359714190797,1825.0553501674108,0.04531342054961708
2021-03-17,1823.4493408203125,1839.8189697265625,1749.179931640625,1807.05615234375,24512917348,0.009118868953279069,1828.5243617466517,0.04300813603511524
2021-03-18,1782.8551025390625,1848.6461181640625,1705.716064453125,1823.158447265625,23263845504,-0.022262334013067764,1822.3329554966517,0.043531585389924514
2021-03-19,1817.6241455078125,1841.196044921875,1746.473388671875,1782.5687255859375,21249297710,0.019501889367920855,1828.8360595703125,0.0424016935907153
2021-03-20,1812.6346435546875,1874.708984375,1811.7286376953125,1817.522705078125,22677674970,-0.00274506804140795,1812.8288051060267,0.02247866481283052
2021-03-21,1788.217041015625,1823.35302734375,1764.1392822265625,1812.6065673828125,22977404620,-0.013470780019506856,1803.350620814732,0.019115131909745797
2021-03-22,1691.333984375,1811.96826171875,1674.2998046875,1788.3621826171875,23599296129,-0.0541785781135381,1789.0122942243304,0.024885682508810725
2021-03-23,1678.650146484375,1725.1087646484375,1662.5399169921875,1690.871826171875,21998237965,-0.0074993100167096705,1770.680629185268,0.023834852938513975
2021-03-24,1593.4134521484375,1740.42822265625,1570.7879638671875,1678.0025634765625,31228051473,-0.050776926040515424,1737.818359375,0.02635353556045458
2021-03-25,1595.3592529296875,1625.9114990234375,1560.3704833984375,1593.123291015625,29650328701,0.0012211524752892,1711.033238002232,0.027312990161434614
2021-03-26,1702.842041015625,1702.9228515625,1594.7366943359375,1595.2100830078125,22548516548,0.06737215325548651,1694.6357945033483,0.040380971333866034
2021-03-27,1716.49462890625,1732.8243408203125,1674.3193359375,1703.0361328125,18102277710,0.008017530435460829,1680.9015066964287,0.04084253172440582
2021-03-28,1691.35595703125,1728.5841064453125,1672.660400390625,1716.4056396484375,16599472938,-0.014645354230451879,1667.064208984375,0.04087573060204122
2021-03-29,1819.6849365234375,1837.18798828125,1683.716552734375,1691.26318359375,22796570548,0.07587343099405097,1685.4000592912946,0.04528844915905466
2021-03-30,1846.03369140625,1860.9747314453125,1793.92236328125,1819.46630859375,22512781703,0.014479844479645232,1709.3119942801338,0.044517864818285416
2021-03-31,1918.362060546875,1947.8377685546875,1793.002197265625,1846.0982666015625,30226902621,0.039180416629085224,1755.7332240513392,0.03435589772588685
2021-04-01,1977.27685546875,1989.0550537109375,1912.178466796875,1919.1572265625,30914259795,0.03071098836529318,1810.2928815569196,0.03236741088048114
2021-04-02,2143.2255859375,2152.451904296875,1960.6787109375,1976.9327392578125,34862511022,0.08392791834374091,1873.2048165457588,0.035838298061103696
2021-04-03,2028.4224853515625,2144.96240234375,2028.4224853515625,2142.89599609375,32011518871,-0.053565570203716883,1917.7659388950892,0.04856121503521848
2021-04-04,2093.122802734375,2110.353515625,2007.11181640625,2027.6712646484375,26006501902,0.031896864607867226,1975.1612025669642,0.04528193185127986
2021-04-05,2107.88720703125,2140.9853515625,2032.3876953125,2093.2607421875,28889391170,0.007053768788714887,2016.3329554966517,0.041420902041713885
2021-04-06,2118.37890625,2151.223388671875,2057.609130859375,2109.4931640625,29222865881,0.004977353239657756,2055.239414760045,0.041860099512921654
2021-04-07,1971.0772705078125,2133.1875,1945.442138671875,2117.728515625,36116271935,-0.06953507481952037,2062.7701590401784,0.052604979735643535
2021-04-08,2088.57373046875,2091.516357421875,1959.0794677734375,1969.1331787109375,25312956529,0.059610275923209555,2078.6697126116073,0.05597882197149299
2021-04-09,2072.10888671875,2102.873779296875,2055.163330078125,2088.772216796875,19812472092,-0.007883295432574822,2068.510184151786,0.04528476313989918
2021-04-10,2135.942138671875,2196.996337890625,2062.78759765625,2071.111572265625,24986243611,0.030805935133171092,2083.870134626116,0.04088330464738154
2021-04-11,2157.656982421875,2165.19140625,2119.86572265625,2136.156982421875,19692836132,0.010166400745060589,2093.0893031529017,0.03958238229190396
2021-04-12,2139.353271484375,2199.71875,2110.368896484375,2157.36181640625,21727936609,-0.008483142170705449,2097.584455217634,0.039884310281550664
2021-04-13,2299.187744140625,2318.42333984375,2138.5595703125,2139.3642578125,29456642939,0.07471158447120319,2123.414289202009,0.048330847680243046
2021-04-14,2435.10498046875,2449.6875,2284.563720703125,2299.347900390625,35592822986,0.05911532743444026,2189.7039620535716,0.034216157021520456
2021-04-15,2519.1162109375,2544.267333984375,2409.924072265625,2436.03466796875,32325606817,0.03450004461515177,2251.210030691964,0.031978074472681334
2021-04-16,2431.946533203125,2547.5556640625,2318.675048828125,2516.601806640625,36196928256,-0.034603277671709454,2302.615408761161,0.037951138755901885
2021-04-17,2344.89501953125,2497.38525390625,2333.682861328125,2429.98095703125,32349808978,-0.03579499486660964,2332.4658203125,0.0437858009194445
2021-04-18,2237.136962890625,2365.46044921875,2011.766845703125,2346.452392578125,50696368718,-0.04595432023313606,2343.8201032366073,0.04942825653794797
2021-04-19,2166.188720703125,2276.77685546875,2086.688720703125,2238.03271484375,34060654971,-0.03171385720426667,2347.653738839286,0.05132298296009644
2021-04-20,2330.2109375,2345.8349609375,2060.143798828125,2161.939453125,39433483315,0.07571926454479683,2352.085623604911,0.05155886508762526
2021-04-21,2364.751708984375,2467.20068359375,2238.366943359375,2331.16015625,38899067643,0.014823023499079602,2342.03515625,0.045941790888774585
2021-04-22,2403.53515625,2641.094970703125,2315.960205078125,2357.87109375,53575904724,0.016400642451499525,2325.5235770089284,0.04392560929659404
2021-04-23,2363.586181640625,2439.537109375,2117.03955078125,2401.25634765625,55413933925,-0.01662092376951263,2315.7578125,0.0424670720246752
2021-04-24,2211.625732421875,2367.740966796875,2163.693115234375,2367.19921875,31854226936,-0.06429232426518516,2296.7193429129466,0.047202582950145094
2021-04-25,2316.0595703125,2354.086669921875,2172.51513671875,2214.413818359375,31814355546,0.047220393740067035,2307.9940011160716,0.047646156116887675
2021-04-26,2534.481689453125,2536.33740234375,2308.315185546875,2319.47802734375,35208325408,0.09430764300727978,2360.6072823660716,0.054382544436011995
2021-04-27,2662.865234375,2676.392822265625,2485.375,2534.03125,32275969215,0.050654753378619466,2408.129324776786,0.051132908492222344
2021-04-28,2746.380126953125,2757.477294921875,2564.08154296875,2664.685546875,34269031076,0.03136279354284577,2462.6476702008927,0.051216688981156
2021-04-29,2756.876953125,2797.972412109375,2672.106689453125,2748.649658203125,32578127990,0.003822058741562495,2513.125069754464,0.05169375378504476
2021-04-30,2773.20703125,2796.054931640625,2728.169921875,2757.734130859375,29777179889,0.005923397526498064,2571.642333984375,0.0496258381310372
2021-05-01,2945.892822265625,2951.44091796875,2755.908447265625,2772.83837890625,28726205272,0.062269347030246225,2676.5376325334823,0.03193997492482447
2021-05-02,2952.05615234375,2984.891845703125,2860.526123046875,2945.56005859375,28032013047,0.0020921772956372653,2767.394287109375,0.03515569302331017
2021-05-03,3431.086181640625,3450.037841796875,2951.17578125,2951.17578125,49174290212,0.16226995848861292,2895.480643136161,0.056760405839550554
2021-05-04,3253.62939453125,3523.5859375,3180.74267578125,3431.131591796875,62402045158,-0.051720294307653125,2979.8755231584823,0.06739850902610466
2021-05-05,3522.783203125,3541.462646484375,3213.1015625,3240.5546875,48334198383,0.08272417536125909,3090.7902483258927,0.07019988877733582
2021-05-06,3490.88037109375,3598.89599609375,3386.239990234375,3524.930908203125,44300394788,-0.00905614401787469,3195.647879464286,0.07140924712494078
2021-05-07,3484.72900390625,3573.2900390625,3370.261962890625,3490.105224609375,39607240515,-0.0017621248893077146,3297.293875558036,0.07201170823382896
2021-05-08,3902.647705078125,3950.1650390625,3453.7685546875,3481.988037109375,50208491286,0.11992860871057798,3433.97314453125,0.0786113770120763
2021-05-09,3928.8447265625,3981.259033203125,3743.989013671875,3911.463134765625,50568290278,0.006712627801450655,3573.5143694196427,0.07822422468364856
2021-05-10,3952.2939453125,4197.47314453125,3684.45166015625,3924.413330078125,62691789007,0.005968476837850734,3647.9726213727677,0.05878172688593605
2021-05-11,4168.701171875,4178.208984375,3783.889404296875,3948.27197265625,52679737865,0.05475484100041772,3778.6971609933034,0.04964378000047195
2021-05-12,3785.8486328125,4362.3505859375,3785.8486328125,4174.6357421875,69023382175,-0.09183976573938502,3816.2779366629466,0.06449325482141677
2021-05-13,3715.1484375,4032.5634765625,3549.4072265625,3828.91845703125,78398214539,-0.0186748605582725,3848.316231863839,0.06511859684937871
2021-05-14,4079.057373046875,4171.01708984375,3703.39990234375,3720.122314453125,48174271215,0.09795273100628976,3933.220284598214,0.07242759358056756
2021-05-15,3638.1220703125,4129.185546875,3638.1220703125,4075.95166015625,42422321751,-0.10809735250304064,3895.430908203125,0.07386605958097135
2021-05-16,3587.506103515625,3878.89599609375,3350.95166015625,3641.830810546875,47359478734,-0.013912663131868785,3846.6682477678573,0.0736107530951596
2021-05-17,3282.397705078125,3587.765625,3129.0087890625,3581.343017578125,54061732774,-0.08504749250140786,3750.9687848772323,0.0781077199409603
2021-05-18,3380.070068359375,3562.465087890625,3246.404052734375,3276.872314453125,40416525218,0.029756407375664207,3638.307198660714,0.07441487518454724
2021-05-19,2460.67919921875,3437.935791015625,1952.460205078125,3382.6572265625,84482912776,-0.2720034941722024,3448.9972795758927,0.1185794671838418
2021-05-20,2784.294189453125,2993.145263671875,2170.22900390625,2439.638671875,67610826680,0.13151449824793127,3316.0181012834823,0.13782220092875666
2021-05-21,2430.621337890625,2938.205078125,2113.34716796875,2772.34130859375,53774070802,-0.12702423935739582,3080.5272391183034,0.12854866540031118
2021-05-22,2295.70556640625,2483.983154296875,2168.124267578125,2436.0146484375,42089937660,-0.05550670085100928,2888.7534528459823,0.12703879818881952
2021-05-23,2109.579833984375,2384.41162109375,1737.46875,2298.3671875,56005721977,-0.08107561141354924,2677.6211286272323,0.12585830568488382
2021-05-24,2643.591064453125,2672.595703125,2090.6396484375,2099.93603515625,53697121740,0.2531362984543515,2586.363037109375,0.17317438687723657
2021-05-25,2706.62890625,2750.534912109375,2394.35546875,2649.033203125,49558333256,0.023845534449147276,2490.157156808036,0.1729208365447082
2021-05-26,2888.69873046875,2911.735595703125,2652.094482421875,2707.052734375,42499766020,0.06726811488576234,2551.302804129464,0.1328074575889269
2021-05-27,2736.488525390625,2888.75244140625,2642.60791015625,2888.75244140625,33373635283,-0.052691616288219056,2544.4734235491073,0.12755769428919406
2021-05-28,2419.90625,2761.36328125,2336.361328125,2742.468994140625,39999114805,-0.115689239130076,2542.942696707589,0.12567534660028243
2021-05-29,2279.51416015625,2566.9384765625,2208.490966796875,2414.067138671875,33773720220,-0.05801550776760467,2540.629638671875,0.12588210320475537
2021-05-30,2390.305419921875,2472.187744140625,2188.83447265625,2278.288818359375,25876619428,0.048603014494119634,2580.7332938058034,0.12048637265330119
2021-05-31,2714.9453125,2715.85498046875,2279.505126953125,2387.198486328125,31007383150,0.1358152351044477,2590.9267578125,0.08668231787413196
2021-06-01,2633.518310546875,2739.737548828125,2531.16064453125,2707.560546875,27363223090,-0.0299921333878157,2580.4823869977677,0.08732659531026414
2021-06-02,2706.125,2801.392333984375,2555.4013671875,2634.4560546875,27723267359,0.027570223894910928,2554.4004255022323,0.08337891308590523
2021-06-03,2855.12646484375,2891.2548828125,2667.684326171875,2708.376220703125,30038207402,0.05506082122730849,2571.348702566964,0.08334247460459265
2021-06-04,2688.195068359375,2857.16552734375,2562.637451171875,2857.16552734375,34173841611,-0.05846725128986907,2609.6756766183034,0.07095386444828009
2021-06-05,2630.576904296875,2817.48486328125,2558.233642578125,2691.619384765625,30496672724,-0.021433773441770665,2659.8274972098216,0.06563650347171157
2021-06-06,2715.0927734375,2743.441162109375,2616.162353515625,2629.748779296875,25311639414,0.032128263957071024,2706.2256905691966,0.06483292260936314
2021-06-07,2590.26318359375,2845.18505859375,2583.9951171875,2713.04736328125,30600111277,-0.04597617844406354,2688.4139578683034,0.04372978830574236
2021-06-08,2517.438720703125,2620.84619140625,2315.546630859375,2594.602294921875,41909736778,-0.028114696356679736,2671.8311593191966,0.043562642085511555
2021-06-09,2608.26708984375,2625.070556640625,2412.19775390625,2510.19921875,36075832186,0.03607967431090309,2657.8514578683034,0.04474537043864191
2021-06-10,2471.5185546875,2619.957763671875,2435.401611328125,2611.142578125,28753626390,-0.05242888494385056,2603.0503278459823,0.03902105702950491
2021-06-11,2353.768798828125,2495.414794921875,2326.86962890625,2472.85888671875,24832564195,-0.04764267524354615,2555.275146484375,0.03741207347467155
2021-06-12,2372.484375,2447.227783203125,2265.758056640625,2354.752197265625,25724364410,0.007951323078627226,2518.40478515625,0.03861770003280237
2021-06-13,2508.3916015625,2547.367919921875,2312.64013671875,2372.690185546875,27092945370,0.05728477202826676,2488.876046316964,0.04436830363525032
2021-06-14,2537.89111328125,2606.432861328125,2469.38818359375,2508.7705078125,26964576331,0.011760329487777943,2481.3943219866073,0.04195483450545709
2021-06-15,2610.936767578125,2639.229248046875,2515.153076171875,2587.7626953125,29005279219,0.028782028478138377,2494.7511858258927,0.04159805528947948
2021-06-16,2367.66357421875,2554.62890625,2354.3505859375,2544.86474609375,24101926180,-0.09317467829181958,2460.3792550223216,0.053101581160068134
2021-06-17,2372.001953125,2457.175537109375,2312.301513671875,2367.306396484375,21871633186,0.0018323460112703582,2446.16259765625,0.05018076788326952
2021-06-18,2231.733154296875,2377.195068359375,2147.308349609375,2374.5869140625,22752818388,-0.05913519533292433,2428.728934151786,0.05197419077854074
2021-06-19,2178.4990234375,2278.4150390625,2168.885009765625,2235.1591796875,18765854896,-0.023853268817950024,2401.0167410714284,0.051902099656168196
2021-06-20,2246.364501953125,2275.3828125,2049.962646484375,2171.337890625,22535930423,0.03115240254206708,2363.584298270089,0.04687417770685501
2021-06-21,1888.447509765625,2259.464111328125,1867.1854248046875,2245.31787109375,33745173825,-0.1593316631723415,2270.806640625,0.06980021754540391
2021-06-22,1874.9500732421875,1993.1597900390625,1707.6005859375,1886.6676025390625,35547251725,-0.0071473718245484985,2165.665684291295,0.0651417911735943
2021-06-23,1989.736328125,2043.5303955078125,1827.571533203125,1878.625,28408659206,0.06122096610515215,2111.6760777064733,0.07162600084248315
2021-06-24,1988.456298828125,2032.33935546875,1887.4320068359375,1968.9573974609375,20272845769,-0.0006433160408149119,2056.8838413783483,0.07149366307043944
2021-06-25,1813.21728515625,2017.759521484375,1794.400390625,1989.2158203125,22774334998,-0.08812816946248714,1997.0958600725446,0.07473389531966203
2021-06-26,1829.2392578125,1850.1798095703125,1719.5594482421875,1810.88427734375,20637542361,0.008836212177885328,1947.2016078404017,0.07595108936798654
2021-06-27,1978.8946533203125,1979.9581298828125,1811.245849609375,1830.9969482421875,19885474742,0.0818129147779052,1908.9916294642858,0.0838622906346188
2021-06-28,2079.657470703125,2139.805419921875,1963.615478515625,1981.386474609375,25514602841,0.05091873749506903,1936.307338169643,0.05671365279733633
2021-06-29,2160.768310546875,2242.23876953125,2076.240234375,2083.44873046875,24815124419,0.03900201883549914,1977.1385149274554,0.0563549944272627
2021-06-30,2274.547607421875,2282.989013671875,2090.7607421875,2164.21630859375,25828056268,0.052656870391718735,2017.8258405412946,0.05544365716893449
2021-07-01,2113.60546875,2274.3974609375,2081.0810546875,2274.3974609375,29061701793,-0.07075786769497328,2035.7042933872767,0.06537302839024792
2021-07-02,2150.040283203125,2155.596435546875,2021.8248291015625,2109.892578125,31796212554,0.017238228700587443,2083.82186453683,0.04890188191788354
2021-07-03,2226.1142578125,2237.567138671875,2117.590087890625,2150.8349609375,17433361641,0.035382581063104546,2140.518293108259,0.048405439648451426
2021-07-04,2321.72412109375,2384.286865234375,2190.837646484375,2226.55029296875,18787107473,0.0429492165308718,2189.4939313616073,0.04336714006316247
2021-07-05,2198.58251953125,2321.9228515625,2163.04150390625,2321.9228515625,20103794829,-0.05303886040710504,2206.483224051339,0.049887561478273605
2021-07-06,2324.679443359375,2346.294921875,2197.91943359375,2197.91943359375,20891861314,0.057353737104673064,2229.899100167411,0.05215393428248421
2021-07-07,2315.161865234375,2403.7734375,2298.02685546875,2323.20849609375,22398345285,-0.004094146464876158,2235.7011369977677,0.049041152331769276
2021-07-08,2120.0263671875,2324.0068359375,2089.414306640625,2317.94921875,23188123689,-0.08428589852706492,2236.618408203125,0.0525963505522144
2021-07-09,2146.6923828125,2185.376220703125,2051.066650390625,2115.573974609375,23029574602,0.012578152818153887,2236.14013671875,0.05239517433971111
2021-07-10,2111.403564453125,2190.1240234375,2081.923583984375,2146.999755859375,17581542471,-0.016438693611583566,2219.7528948102677,0.05034470978639845
2021-07-11,2139.664794921875,2172.6533203125,2083.8037109375,2110.875732421875,14705386138,0.013385044405790802,2193.7444196428573,0.04661417509457754
2021-07-12,2036.7210693359375,2167.710205078125,2011.0189208984375,2140.5068359375,17768129077,-0.04811208084100682,2170.621355329241,0.04589916338761579
2021-07-13,1940.083984375,2040.693603515625,1922.577880859375,2034.098388671875,16621628658,-0.04744738315710828,2115.6791469029017,0.036397577871669015
2021-07-14,1994.331298828125,2015.107421875,1869.22314453125,1941.1678466796875,17342819679,0.02796132275201524,2069.846208844866,0.041159036980023794
2021-07-15,1911.1756591796875,2037.7425537109375,1883.272216796875,1994.7120361328125,15688092552,-0.04169600090882597,2040.0103934151787,0.03233166994681422
2021-07-16,1880.3829345703125,1959.6962890625,1853.59033203125,1916.598388671875,14884569147,-0.016111927996504405,2001.9661865234375,0.03010533901818751
2021-07-17,1898.8251953125,1917.597900390625,1855.5908203125,1876.88134765625,13364282076,0.009807715440898646,1971.5978480747767,0.03196053500441795
2021-07-18,1895.5521240234375,1988.33642578125,1883.0125732421875,1900.1943359375,13791868728,-0.001723734916274866,1936.724609375,0.030218157003755224
2021-07-19,1817.296630859375,1916.1180419921875,1807.909912109375,1893.0535888671875,14157735481,-0.04128374639361532,1905.3782610212054,0.02912795460933597
2021-07-20,1787.5107421875,1836.998046875,1722.05078125,1819.08203125,17368597636,-0.01639021839697663,1883.5820835658483,0.025660224333307547
2021-07-21,1990.9708251953125,2025.680419921875,1759.0233154296875,1786.2762451171875,21253359756,0.1138231386284283,1883.102015904018,0.05326053804393848
2021-07-22,2025.2027587890625,2044.116455078125,1954.2978515625,1994.8228759765625,17495480331,0.01719358875607435,1899.3916015625,0.0499560439644007
2021-07-23,2124.776611328125,2129.441162109375,2000.436279296875,2025.105712890625,16200392492,0.04916734984036908,1934.3049839564733,0.050504953133959044
2021-07-24,2189.21875,2197.6494140625,2107.323486328125,2123.961181640625,16057446601,0.03032890061397775,1975.7897774832588,0.05050131034780312
2021-07-25,2191.373779296875,2194.438232421875,2108.829833984375,2187.1455078125,14566483636,0.0009843828063664795,2018.050013950893,0.050302947223201604
2021-07-26,2233.36669921875,2428.817138671875,2177.32958984375,2191.309814453125,29614324233,0.01916282850447759,2077.488595145089,0.04216360247049144
2021-07-27,2298.33349609375,2316.9501953125,2154.731201171875,2230.197021484375,23067480378,0.029089175950248514,2150.4632742745534,0.03688817969900616
2021-07-28,2296.54541015625,2341.77783203125,2250.9140625,2302.081298828125,18991302378,-0.0007779923760146135,2194.11678641183,0.017503060389825905
2021-07-29,2380.956787109375,2396.451904296875,2273.40478515625,2299.011962890625,16313373113,0.03675580573317805,2244.938790457589,0.018382875481319845
2021-07-30,2466.96142578125,2469.704833984375,2322.337158203125,2382.545166015625,20212848934,0.03612188139554173,2293.822335379464,0.015835361705198097
2021-07-31,2536.2099609375,2551.1611328125,2423.816162109375,2461.57568359375,18001710283,0.028070376144742504,2343.392508370536,0.01565138699257339
2021-08-01,2561.85205078125,2695.429443359375,2520.931884765625,2530.462890625,22697987055,0.010110397103823221,2396.3179757254466,0.013961742948155298
2021-08-02,2610.1533203125,2665.73095703125,2511.375244140625,2557.774658203125,22162754104,0.01885404331468732,2450.1446358816966,0.013975069179786997
2021-08-03,2502.349609375,2630.314208984375,2449.353515625,2609.4130859375,22696753413,-0.04130167760589376,2479.289794921875,0.02740367324357406
2021-08-04,2724.619873046875,2764.443603515625,2463.469482421875,2508.544921875,25038698173,0.0888246242008488,2540.443289620536,0.038728635495713516
2021-08-05,2827.328857421875,2840.4306640625,2540.68408203125,2725.669677734375,31057928075,0.03769662894668069,2604.2107282366073,0.03877642657462257
2021-08-06,2890.941650390625,2944.9033203125,2727.792724609375,2827.50341796875,26528577879,0.02249925501300054,2664.7793317522323,0.03849427498096849
2021-08-07,3157.23876953125,3170.229736328125,2868.53564453125,2891.70751953125,33081467129,0.09211431822037741,2753.497732979911,0.04652473108670734
2021-08-08,3013.732666015625,3184.60400390625,2951.747314453125,3161.232666015625,28433638008,-0.045453041087839874,2818.0521065848216,0.05498824609517372
2021-08-09,3167.856201171875,3185.701171875,2900.926025390625,3012.8857421875,31983260936,0.0511404136452529,2897.723946707589,0.05576014916293025
2021-08-10,3141.691162109375,3228.940673828125,3059.22900390625,3163.050048828125,27605221710,-0.008259541279942217,2989.0584542410716,0.04986874225203951
2021-08-11,3164.2451171875,3269.20947265625,3122.91650390625,3142.830322265625,26729035052,0.007178921769949609,3051.862060546875,0.044150908210547485
2021-08-12,3043.414306640625,3236.314697265625,2984.1669921875,3164.17578125,25403699845,-0.03818629912409377,3082.7314104352677,0.04884066264342858
2021-08-13,3322.211669921875,3324.671630859375,3037.676025390625,3049.001220703125,23868866254,0.09160677291715547,3144.3414132254466,0.057613315742176555
2021-08-14,3265.443359375,3329.281005859375,3214.519775390625,3322.7626953125,19860862133,-0.017087505609842735,3159.7992117745534,0.0495035649750588
2021-08-15,3310.504150390625,3320.084228515625,3117.791748046875,3266.276123046875,22166205051,0.013799287280931383,3202.195138113839,0.044033003685246694
2021-08-16,3156.509521484375,3333.994873046875,3139.778564453125,3309.422119140625,23080039949,-0.04651697201106941,3200.5741838727677,0.04585314474634043
2021-08-17,3014.845947265625,3288.812744140625,2996.46826171875,3149.38037109375,25509056745,-0.04487981843695865,3182.453438895089,0.04898296573445605
2021-08-18,3020.08984375,3124.97607421875,2959.0283203125,3011.963623046875,21539248425,0.0017393580222999638,3161.8598284040177,0.048802787709257
2021-08-19,3182.7021484375,3184.435546875,2963.150146484375,3019.126953125,19546290360,0.05384353217968729,3181.7580915178573,0.05092570129679667
2021-08-20,3286.935302734375,3298.24658203125,3178.103759765625,3182.16259765625,20885619828,0.03274989283808627,3176.7186104910716,0.03792398619670843
2021-08-21,3226.083984375,3307.3515625,3209.8662109375,3286.931640625,18113977628,-0.01851308673728791,3171.0958426339284,0.03802903772753215
2021-08-22,3242.115478515625,3272.733154296875,3142.007080078125,3226.227294921875,15983278460,0.004969335646024975,3161.3260323660716,0.03759600987206118
2021-08-23,3319.25732421875,3373.38427734375,3235.851318359375,3241.357421875,20511110509,0.023793676139643116,3184.5757184709823,0.032940533689033234
2021-08-24,3172.456298828125,3358.688232421875,3154.121337890625,3324.85546875,20131028906,-0.04422706980850821,3207.091482979911,0.03276744248657295
2021-08-25,3224.915283203125,3248.727294921875,3086.114990234375,3174.269775390625,18902728235,0.01653576265002532,3236.3522600446427,0.03279118457095484
2021-08-26,3100.325439453125,3249.6552734375,3060.228759765625,3228.747314453125,17405668117,-0.03863352454525626,3224.584158761161,0.030687715314323925
2021-08-27,3270.600830078125,3281.840576171875,3064.485107421875,3096.406005859375,18489602004,0.05492177964873113,3222.250662667411,0.03575796879244164
2021-08-28,3244.4033203125,3284.845947265625,3217.403564453125,3275.1044921875,13709633698,-0.008009999118418598,3224.8677106584823,0.035073543762512746
2021-08-29,3227.002685546875,3283.235595703125,3158.84033203125,3246.77099609375,13296586731,-0.005363277326429605,3222.708740234375,0.03511253849877307
2021-08-30,3224.374267578125,3346.5810546875,3151.444580078125,3227.192626953125,19306924485,-0.0008145075244350153,3209.1540178571427,0.03351230783781475
2021-08-31,3433.732666015625,3466.9921875,3195.216552734375,3227.758056640625,27280502987,0.0649299309148601,3246.4792131696427,0.03672930683914579
2021-09-01,3834.828125,3836.867431640625,3387.408447265625,3430.762451171875,30070890104,0.11681033382537342,3333.609619140625,0.05421390820642944
2021-09-02,3790.989990234375,3830.71142578125,3726.75048828125,3825.02783203125,24387397330,-0.011431577462321041,3432.2759835379466,0.04956225852761995
2021-09-03,3940.61474609375,4022.46923828125,3712.67822265625,3787.486572265625,26207765094,0.039468517786860335,3527.992257254464,0.048609929481436706
2021-09-04,3887.828369140625,3969.44873046875,3837.93115234375,3937.91015625,20806963328,-0.013395467548673934,3619.9101213727677,0.049311325740928474
2021-09-05,3952.133544921875,3979.1865234375,3838.4873046875,3886.3310546875,18371468576,0.016540127206146282,3723.500244140625,0.04756678954200947
2021-09-06,3928.37939453125,3968.426513671875,3868.994384765625,3951.520751953125,18674691198,-0.0060104624807395535,3824.0724051339284,0.048169990629661125
2021-09-07,3426.394287109375,3945.314208984375,3062.222412109375,3926.527587890625,39131346397,-0.1277842736169259,3823.0240652901784,0.07316905676095736
2021-09-08,3497.315185546875,3559.121337890625,3224.764892578125,3428.378173828125,31738430771,0.02069840552335589,3774.807931082589,0.05473611654383309
2021-09-09,3427.340087890625,3562.99267578125,3400.51708984375,3452.54833984375,24118055831,-0.020008233157088995,3722.8579450334823,0.05482497132476978
2021-09-10,3211.505859375,3512.5712890625,3157.05908203125,3425.56494140625,22355974097,-0.06297426662682348,3618.699532645089,0.05211336349189863
2021-09-11,3270.278076171875,3346.5263671875,3208.9619140625,3209.030517578125,18627122934,0.01830051675767863,3530.4780622209823,0.05485431907679536
2021-09-12,3410.134521484375,3462.46826171875,3235.109375,3270.291748046875,16810411424,0.04276591838826538,3453.049630301339,0.058763992692700266
2021-09-13,3285.51171875,3426.502197265625,3121.51416015625,3407.471923828125,22721552948,-0.036544834800279036,3361.2113909040177,0.05874746130726448
2021-09-14,3429.169677734375,3429.169677734375,3273.630859375,3286.31640625,19125420848,0.043724683179346746,3361.6078752790177,0.04123234765406225
2021-09-15,3615.28271484375,3615.28271484375,3365.9130859375,3431.21728515625,17548551804,0.054273499009923176,3378.460379464286,0.045642801708389115
2021-09-16,3571.294921875,3673.310791015625,3489.8056640625,3613.07373046875,20093903064,-0.012167179288121388,3399.0253557477677,0.04499989697290295
2021-09-17,3398.538818359375,3589.30517578125,3356.449951171875,3569.568115234375,17722363229,-0.04837351921216426,3425.7443498883927,0.04142479824579588
2021-09-18,3432.018310546875,3540.8076171875,3371.892333984375,3397.4228515625,15995220233,0.009851143087328929,3448.85009765625,0.041226295907725516
2021-09-19,3329.447998046875,3448.322021484375,3286.17236328125,3433.287841796875,14257609743,-0.029886295240556526,3437.3234514508927,0.040039605913953745
2021-09-20,2958.993408203125,3343.325439453125,2940.839111328125,3329.670654296875,27371684581,-0.11126606874805267,3390.677978515625,0.05694702145287494
2021-09-21,2764.43115234375,3101.697509765625,2676.407470703125,2977.310546875,30405062665,-0.06575285207462656,3295.71533203125,0.05357520109360261
2021-09-22,3077.867919921875,3089.0830078125,2741.440673828125,2763.209228515625,23742102645,0.11338201253895797,3218.9417898995534,0.0707887514164978
2021-09-23,3155.523681640625,3173.544677734375,3038.097900390625,3077.974365234375,18516291047,0.0252303749670717,3159.5458984375,0.07291082952607132
2021-09-24,2931.669189453125,3159.64404296875,2747.337646484375,3154.56201171875,25595422789,-0.07094052042452526,3092.8502371651784,0.07508553755561337
2021-09-25,2925.565673828125,2968.99462890625,2818.970458984375,2930.884765625,18932786754,-0.002081925084507441,3020.4998604910716,0.07446794902792019
2021-09-26,3062.265380859375,3114.857421875,2744.5830078125,2926.343017578125,21172766310,0.046725906122755845,2982.3309151785716,0.07833449718196756
2021-09-27,2934.138916015625,3163.6650390625,2932.69287109375,3065.837890625,19164053681,-0.04184041841853481,2978.7802734375,0.06681208324505836
2021-09-28,2807.296630859375,2970.7705078125,2793.360595703125,2928.96337890625,16895079070,-0.04322981589722885,2984.9039132254466,0.06354217251458552
2021-09-29,2853.143310546875,2946.88134765625,2786.98828125,2809.297607421875,15763456158,0.01633125590773976,2952.8003976004466,0.0429084552834466
2021-09-30,3001.678955078125,3046.51953125,2840.28955078125,2852.558837890625,17661065099,0.0520603518169509,2930.822579520089,0.04752682060056126
2021-10-01,3307.51611328125,3329.853515625,2978.654296875,3001.12939453125,22307625573,0.10188869721917504,2984.5149972098216,0.0528464935192475
2021-10-02,3391.6943359375,3464.83740234375,3260.027587890625,3308.870361328125,19202671704,0.02545058580916182,3051.104806082589,0.0520738735441037
2021-10-03,3418.358642578125,3484.605712890625,3348.1201171875,3390.767578125,15516566862,0.00786164789618482,3101.975272042411,0.05112155652154039
2021-10-04,3380.089111328125,3434.775390625,3283.44873046875,3418.7763671875,17747154101,-0.01119529436534994,3165.682442801339,0.04633803890465273
2021-10-05,3518.5185546875,3541.45166015625,3365.817626953125,3381.784423828125,16632591670,0.040954376881792376,3267.285574776786,0.036722911070266644
2021-10-06,3580.56201171875,3622.55126953125,3354.4697265625,3516.5703125,21855226591,0.01763340339603814,3371.2025320870534,0.03662558604169439
2021-10-07,3587.974853515625,3650.01318359375,3479.9091796875,3576.814453125,19090322927,0.0020703011908782543,3454.9590890066966,0.03727630200189546
2021-10-08,3563.75927734375,3667.95751953125,3547.828125,3587.832763671875,16222029488,-0.00674909305681104,3491.565255301339,0.018471603391073732
2021-10-09,3575.716796875,3628.2373046875,3544.640380859375,3559.997802734375,12707036942,0.003355310670748457,3517.854178292411,0.017420918240282645
2021-10-10,3425.852783203125,3603.244873046875,3414.970947265625,3575.0205078125,16171746693,-0.041911600438504726,3518.9247698102677,0.025588865214583624
2021-10-11,3545.35400390625,3622.28955078125,3385.76171875,3419.726806640625,18579189588,0.03488218212091221,3542.5340401785716,0.027875123670334706
2021-10-12,3492.5732421875,3546.477783203125,3407.338134765625,3546.477783203125,18109578443,-0.014887303682677766,3538.827566964286,0.02436705848279705
2021-10-13,3606.20166015625,3607.74169921875,3417.60205078125,3492.753662109375,16211275589,0.03253429780547168,3542.4903738839284,0.02677752699396007
2021-10-14,3786.01416015625,3819.258544921875,3590.275146484375,3604.958984375,19443499909,0.049862020193349066,3570.7817034040177,0.03248319874669356
2021-10-15,3862.634765625,3895.46630859375,3735.363525390625,3790.154296875,20966841512,0.020237802139014605,3613.478201729911,0.0320176078164341
2021-10-16,3830.382080078125,3962.453125,3805.885986328125,3865.66650390625,16578095629,-0.008349918515181298,3649.858956473214,0.03284007144956089
2021-10-17,3847.1044921875,3914.89794921875,3660.723388671875,3829.85888671875,15908090346,0.004365729517258554,3710.037772042411,0.024050321731084023
2021-10-18,3748.76025390625,3888.209228515625,3686.75048828125,3847.72998046875,17386204158,-0.02556318355297138,3739.0958077566966,0.027185403384500997
2021-10-19,3877.65087890625,3883.9287109375,3736.7802734375,3747.162841796875,15998757133,0.03438220005285597,3794.1068987165177,0.02654783026385629
2021-10-20,4155.9921875,4167.47216796875,3833.2880859375,3877.73095703125,20338319988,0.0717809099596558,3872.6484026227677,0.03390579209540607
2021-10-21,4054.32275390625,4366.08837890625,4032.48388671875,4161.71337890625,28220661820,-0.02446333607159845,3910.978201729911,0.03496735388239067
2021-10-22,3970.181884765625,4162.9755859375,3908.34033203125,4055.6865234375,19432937968,-0.02075337220243678,3926.3420758928573,0.036435345367501724
2021-10-23,4171.66357421875,4171.66357421875,3944.6318359375,3971.3564453125,14781537792,0.050748730234816186,3975.0965750558034,0.03966901788446135
2021-10-24,4087.903076171875,4185.7294921875,3967.120361328125,4171.85595703125,14978083638,-0.02007844030485162,4009.4963727678573,0.04157834089611266
2021-10-25,4217.876953125,4236.6669921875,4072.03466796875,4084.42578125,15995727040,0.031794755044642464,4076.5130440848216,0.039109901787790634
2021-10-26,4131.10205078125,4289.13134765625,4106.82373046875,4217.337890625,17157714562,-0.02057312323429894,4112.720354352678,0.04067130553040875
2021-10-27,3930.25732421875,4299.15283203125,3930.25732421875,4132.17333984375,26219530404,-0.04861771122902114,4080.4725167410716,0.03516661409269445
2021-10-28,4287.31884765625,4293.15087890625,3905.7060546875,3924.8154296875,25958154575,0.09084940093801008,4113.757672991072,0.049811396450869926
2021-10-29,4414.74658203125,4455.7353515625,4271.70751953125,4288.6865234375,22967641914,0.029722010166018054,4177.26691545759,0.048411231666879544
2021-10-30,4325.650390625,4426.8486328125,4252.494140625,4414.24365234375,14615490626,-0.020181496208386274,4199.265032087053,0.04740285739898554
2021-10-31,4288.07421875,4394.44970703125,4179.01611328125,4322.744140625,17498160238,-0.008686825906328188,4227.860909598215,0.04654081605269989
2021-11-01,4324.626953125,4377.322265625,4160.966796875,4288.21728515625,17985288261,0.008524277451908313,4243.110909598215,0.04535371052367431
2021-11-02,4584.798828125,4599.9482421875,4288.6865234375,4322.5009765625,20794448222,0.0601605358843722,4307.924734933035,0.04811574039417857
2021-11-03,4607.19384765625,4664.91015625,4462.97607421875,4589.6845703125,21220463155,0.004884624248695513,4404.629952566965,0.03965146950810507
2021-11-04,4537.32421875,4606.51611328125,4426.62255859375,4604.6787109375,18415244464,-0.015165333002385761,4440.345005580357,0.02831463411246036
2021-11-05,4486.2431640625,4570.89599609375,4447.4873046875,4537.42333984375,15086003586,-0.011257968843489952,4450.558803013393,0.027409154076913675
2021-11-06,4521.5810546875,4530.9970703125,4334.9736328125,4482.64794921875,14429076700,0.007876944992210255,4478.548897879465,0.02550597353702246
2021-11-07,4620.5546875,4640.921875,4510.984375,4523.98193359375,13541376033,0.021889164788917004,4526.046107700893,0.02506210094138666
2021-11-08,4812.08740234375,4822.36328125,4619.6494140625,4619.6494140625,19290896267,0.04145232072718552,4595.683314732143,0.027494847799816424
2021-11-09,4735.06884765625,4837.58935546875,4718.0390625,4810.0712890625,20834172627,-0.01600522772092372,4617.150460379465,0.02134727348704734
2021-11-10,4636.17431640625,4859.5029296875,4485.09326171875,4733.36279296875,22748160545,-0.020885552973311183,4621.29052734375,0.023450849256896788
2021-11-11,4730.38427734375,4778.05908203125,4580.990234375,4635.45361328125,17933201129,0.020320625262970626,4648.870535714285,0.02317527486882841
2021-11-12,4667.115234375,4808.73876953125,4510.92041015625,4724.306640625,18316060208,-0.013375032398906361,4674.709402901785,0.023453199019552135
2021-11-13,4651.46044921875,4702.115234375,4582.1806640625,4666.71923828125,14457436261,-0.0033542744008004943,4693.263602120535,0.02367819899293222
2021-11-14,4626.35888671875,4689.8427734375,4516.935546875,4648.6328125,12172962219,-0.005396490580547919,4694.0927734375,0.02251583048606266
2021-11-15,4557.50390625,4764.63623046875,4546.59912109375,4627.0908203125,16275851299,-0.01488319046462594,4657.723702566965,0.013759675701360436
2021-11-16,4216.365234375,4891.70458984375,4144.3349609375,4570.47802734375,27417502801,-0.07485208546001998,4583.623186383928,0.029117820979195803
2021-11-17,4287.59375,4300.306640625,4107.1259765625,4213.91064453125,22183461850,0.016893345729229292,4533.825962611607,0.03147987354352776
2021-11-18,4000.65087890625,4343.55712890625,3959.227783203125,4287.80224609375,21383250893,-0.06692398763146579,4429.578334263393,0.03431151792113398
2021-11-19,4298.306640625,4311.7138671875,3982.91748046875,3995.7294921875,20626269711,0.07440183378363852,4376.891392299107,0.05062910824338154
2021-11-20,4409.93115234375,4434.38818359375,4209.24267578125,4298.3505859375,15448261277,0.02596941564469657,4342.38720703125,0.05250572665644319
2021-11-21,4269.73291015625,4422.49169921875,4255.455078125,4412.1953125,14094831413,-0.031791480942506056,4291.440638950893,0.05336254461486689
2021-11-22,4088.457763671875,4302.02294921875,4033.572265625,4266.50927734375,19752218877,-0.04245585152485365,4224.434047154018,0.054767618183923866
2021-11-23,4340.763671875,4385.4833984375,4069.7666015625,4089.680419921875,22133497059,0.06171175606728707,4242.20525251116,0.053838667572771504
2021-11-24,4239.9814453125,4376.8759765625,4176.18359375,4340.0361328125,21838037128,-0.023217625786793206,4235.40349469866,0.054541575105727144
2021-11-25,4274.7431640625,4550.51806640625,4249.7744140625,4271.39453125,18705358318,0.008198554450852713,4274.559535435268,0.04597171400819343
2021-11-26,4030.908935546875,4550.84228515625,3933.506591796875,4522.208984375,26281795488,-0.05704067335916796,4236.35986328125,0.04216013577849576
2021-11-27,4096.912109375,4187.68408203125,4033.513916015625,4042.9990234375,16515693874,0.016374265676426303,4191.642857142857,0.040997346787618016
2021-11-28,4294.45361328125,4297.91650390625,3989.969970703125,4101.64892578125,15953126340,0.048217169085520206,4195.174386160715,0.044803116278393555
2021-11-29,4445.10498046875,4460.8486328125,4284.5048828125,4296.94677734375,19086475837,0.03508045044929298,4246.123988560268,0.04153729454407212
2021-11-30,4631.47900390625,4753.26611328125,4358.07421875,4447.76806640625,28626354111,0.041927923919998555,4287.654750279018,0.038189619291396644
2021-12-01,4586.990234375,4780.732421875,4530.2724609375,4623.6796875,27634826695,-0.009605737064494413,4337.227434430803,0.036530754302913256
2021-12-02,4511.30224609375,4628.919921875,4441.5078125,4586.3330078125,21502671027,-0.016500577593133392,4371.021589006697,0.03810440444360001
2021-12-03,4220.7060546875,4647.2890625,4100.1455078125,4514.35595703125,25879591528,-0.0644151456839035,4398.135463169643,0.04025489009356599
2021-12-04,4119.58740234375,4242.7255859375,3525.494140625,4227.76220703125,38478999182,-0.023957757548988323,4401.374790736607,0.04160290643606635
2021-12-05,4198.32275390625,4246.92333984375,4040.217529296875,4119.62890625,25533062707,0.019112436240023678,4387.641810825893,0.03740220829075862
2021-12-06,4358.7373046875,4375.5205078125,3930.806640625,4199.0,28229518513,0.03820919928845279,4375.303571428572,0.037942651192129466
2021-12-07,4315.0615234375,4428.58935546875,4264.32373046875,4358.5869140625,22366213354,-0.01002028298494384,4330.10107421875,0.032580064204591565
2021-12-08,4439.35791015625,4453.1123046875,4234.53759765625,4311.67431640625,18704315119,0.028805240908762686,4309.0107421875,0.03566677069245586
2021-12-09,4119.81591796875,4482.31396484375,4078.84423828125,4433.02490234375,22296131874,-0.07197932643737959,4253.084123883928,0.044056366906522565
2021-12-10,3908.49609375,4227.11181640625,3897.767578125,4113.58837890625,28014595631,-0.05129351127002291,4208.482700892857,0.041670808057159524
2021-12-11,4084.452392578125,4095.6484375,3846.054443359375,3909.667724609375,19131502454,0.0450189266171952,4203.463413783482,0.04581387868379528
2021-12-12,4134.453125,4173.60888671875,3993.055908203125,4084.811279296875,14057603914,0.01224172241858712,4194.33918108259,0.04540022815264078
2021-12-13,3784.226806640625,4145.955078125,3680.609130859375,4136.35986328125,23999841386,-0.08470922459893049,4112.266252790178,0.05100272062777172
2021-12-14,3745.4404296875,3866.6337890625,3700.104736328125,3782.82275390625,23836759957,-0.010249485280602655,4030.8918108258927,0.05099618188592941
2021-12-15,4018.388671875,4086.372802734375,3664.719970703125,3862.25146484375,26411188833,0.07287480532970947,3970.753348214286,0.059821052725723654
2021-12-16,3962.4697265625,4110.36865234375,3956.05712890625,4020.4150390625,19825531254,-0.013915763227156375,3948.275320870536,0.053950328714231915
2021-12-17,3879.486572265625,3992.79248046875,3711.424560546875,3959.012451171875,23143541098,-0.020942280956898096,3944.131103515625,0.05066263998572525
2021-12-18,3960.860107421875,3993.829833984375,3774.614990234375,3880.29150390625,19530895889,0.020975336205050432,3926.4750627790177,0.04784189929409048
2021-12-19,3922.592529296875,4018.658447265625,3894.398681640625,3960.872314453125,16167785597,-0.009661431377819718,3896.2092633928573,0.047363066839405006
2021-12-20,3933.844482421875,3980.0986328125,3759.4033203125,3923.69580078125,21589690675,0.0028684990961875823,3917.5832170758927,0.03250168342123911
2021-12-21,4020.260009765625,4058.8212890625,3918.837890625,3938.4638671875,16388555198,0.021967194618366825,3956.8431570870534,0.032096863227640715
2021-12-22,3982.099609375,4073.79150390625,3947.690185546875,4018.69580078125,13921756199,-0.009492022978098258,3951.659005301339,0.017013784595195383
2021-12-23,4108.015625,4149.02685546875,3897.234375,3981.961669921875,18007273742,0.03162050877094025,3972.4512765066966,0.019805263018340263
2021-12-24,4047.98291015625,4134.1064453125,4029.064453125,4111.34521484375,12769090623,-0.01461355562486455,3996.5221819196427,0.018507812955199272
2021-12-25,4093.281005859375,4138.56494140625,4027.927001953125,4049.781982421875,10894785525,0.011190288276532456,4015.439453125,0.01755414786499254
2021-12-26,4067.328125,4105.02392578125,4013.0263671875,4094.151611328125,11197244172,-0.0063403613927860425,4036.115966796875,0.017136814471805102
2021-12-27,4037.547607421875,4126.00146484375,4033.492431640625,4064.746337890625,11424360002,-0.007321887161027885,4050.9306989397323,0.017799251878587396
2021-12-28,3800.89306640625,4037.5380859375,3769.280029296875,4037.5380859375,17299472803,-0.058613436676413055,4019.5925641741073,0.027532127010729907
2021-12-29,3628.53173828125,3827.98193359375,3612.7958984375,3797.436279296875,15722555672,-0.045347586768066606,3969.0828683035716,0.03104285539696877
2021-12-30,3713.85205078125,3767.559814453125,3595.204833984375,3632.2197265625,12925377999,0.02351372914831229,3912.7737862723216,0.0292075131619016
2021-12-31,3682.6328125,3807.288818359375,3636.869873046875,3713.43017578125,14157285268,-0.008406161003285728,3860.5809151785716,0.02927756370495915
2022-01-01,3769.697021484375,3769.91796875,3682.28662109375,3683.047119140625,9776191466,0.023641838167751006,3814.3546316964284,0.03130366762958478
2022-01-02,3829.56494140625,3836.161865234375,3727.357421875,3769.29833984375,9881471548,0.01588136117589123,3780.3884626116073,0.032969093397333955
2022-01-03,3761.38037109375,3836.19873046875,3698.047607421875,3829.53564453125,12080777893,-0.017804782359288618,3740.9360002790177,0.03316571690536638
2022-01-04,3794.056640625,3876.78515625,3723.349853515625,3761.361572265625,14030925983,0.008687307931515731,3739.9593680245534,0.025441411265280548
2022-01-05,3550.386962890625,3842.059814453125,3456.745361328125,3794.26904296875,18061338502,-0.06422404850925867,3728.795828683036,0.03136321611714721
2022-01-06,3418.408203125,3549.708984375,3335.376708984375,3549.708984375,24293791313,-0.0371730634280415,3686.5895647321427,0.03130573722678419
2022-01-07,3193.21044921875,3420.4619140625,3117.38134765625,3417.837890625,24494179209,-0.06587795854818668,3616.6720842633927,0.03735846679467443
2022-01-08,3091.97265625,3240.304443359375,3020.880859375,3193.50244140625,16037732700,-0.031704077942472875,3519.854317801339,0.03219268882913539
2022-01-09,3157.75146484375,3206.790771484375,3075.911376953125,3091.6962890625,12334683863,0.021274058960640163,3423.8809640066966,0.03344295751027356
2022-01-10,3083.097900390625,3177.21337890625,2947.68359375,3157.570556640625,19535744145,-0.02364136800640171,3326.983468191964,0.03325678220049321
2022-01-11,3238.111572265625,3247.511962890625,3061.140625,3082.990966796875,15211447193,0.05027854349203764,3247.562744140625,0.043071325452406356
2022-01-12,3372.25830078125,3401.219970703125,3216.718017578125,3238.449951171875,16662871689,0.04142745718356022,3222.115792410714,0.04413594968872766
2022-01-13,3248.28857421875,3396.9697265625,3247.91748046875,3372.10498046875,15294466275,-0.03676163434271329,3197.81298828125,0.04408852461109542
2022-01-14,3310.00146484375,3330.76611328125,3203.82373046875,3248.648681640625,13562957230,0.018998586244709736,3214.4974190848216,0.03593065692890915
2022-01-15,3330.53076171875,3364.537841796875,3278.6708984375,3309.84423828125,9619999078,0.006202201749167191,3248.5771484375,0.03199556824701737
2022-01-16,3350.921875,3376.401123046875,3291.563720703125,3330.38720703125,9505934874,0.006122481592311324,3276.172921316964,0.03170463629535765
2022-01-17,3212.304931640625,3355.8193359375,3157.22412109375,3350.947265625,12344309617,-0.04136680845756069,3294.6310686383927,0.035250728287401306
2022-01-18,3164.025146484375,3236.01611328125,3096.12353515625,3212.28759765625,13024154091,-0.015029639521672689,3284.047293526786,0.02995040047695594
2022-01-19,3095.825927734375,3171.158447265625,3055.21240234375,3163.850341796875,13187424144,-0.021554575451392277,3244.556954520089,0.023081811652316535
2022-01-20,3001.1201171875,3265.3369140625,3000.908203125,3095.271728515625,10645922764,-0.030591452089873683,3209.2471749441966,0.02207037434223392
2022-01-21,2557.931640625,3029.0810546875,2496.81298828125,3002.956787109375,26796291874,-0.14767435465989753,3101.8086286272323,0.05279454054597202
2022-01-22,2405.18115234375,2615.247314453125,2330.247314453125,2561.145263671875,27369692036,-0.05971640752836038,2969.6158272879466,0.05006158500536529
2022-01-23,2535.0390625,2542.144775390625,2381.51513671875,2406.92431640625,16481489511,0.053990906269038685,2853.0611397879466,0.06031079587756271
2022-01-24,2440.352294921875,2537.20849609375,2172.30126953125,2535.89111328125,28220804648,-0.03735120652726631,2742.7821916852677,0.06028609448138283
2022-01-25,2455.93505859375,2498.507080078125,2359.384765625,2440.3935546875,16179776932,0.006385456601614825,2641.62646484375,0.06209401222950494
2022-01-26,2468.0302734375,2705.7841796875,2417.68310546875,2455.5791015625,21229909340,0.0049248919678990255,2551.9413713727677,0.06374798087411719
2022-01-27,2423.001220703125,2510.45166015625,2328.4521484375,2467.1884765625,16126522783,-0.018244935331225953,2469.352957589286,0.06389965956014443
2022-01-28,2547.092041015625,2548.778564453125,2367.833740234375,2421.64697265625,14666227351,0.05121368460412512,2467.804443359375,0.042615961710796305
2022-01-29,2597.084716796875,2627.609375,2526.98974609375,2546.590576171875,11172062661,0.019627353458854913,2495.21923828125,0.033638518564307066
2022-01-30,2603.466552734375,2631.408447265625,2550.4609375,2598.56494140625,9501221177,0.0024573075711489256,2504.9945940290177,0.027949015729304236
2022-01-31,2688.27880859375,2697.7353515625,2489.072265625,2603.263427734375,13778234614,0.03257666428258821,2540.412667410714,0.022637726631930127
2022-02-01,2792.1171875,2802.3154296875,2682.621826171875,2687.89892578125,13194846235,0.03862634283851252,2588.4386858258927,0.024035100103009903
2022-02-02,2682.85400390625,2802.212158203125,2630.120361328125,2791.958984375,13876301217,-0.039132735575322264,2619.1277901785716,0.032524945948596735
2022-02-03,2679.16259765625,2712.482666015625,2587.783447265625,2682.22607421875,12755505065,-0.0013759251322007504,2655.7222726004466,0.030429384705344786
2022-02-04,2983.5869140625,2983.5869140625,2675.44384765625,2681.0576171875,18987223729,0.11362666703116964,2718.078683035714,0.04731622855095714
2022-02-05,3014.648193359375,3054.130126953125,2966.781005859375,2984.446044921875,13102093957,0.010410717097086852,2777.7306082589284,0.047578300206151045
2022-02-06,3057.47607421875,3061.26123046875,2965.429931640625,3014.959716796875,9466018022,0.014206593311191451,2842.589111328125,0.04695842494746618
2022-02-07,3142.470703125,3182.5283203125,3002.927001953125,3057.422119140625,15197063785,0.027798951436755814,2907.4736676897323,0.0468498574133622
2022-02-08,3122.608642578125,3219.47265625,3038.3779296875,3143.008544921875,17136080906,-0.00632052369720526,2954.6867327008927,0.04749903653455075
2022-02-09,3239.45703125,3263.15576171875,3063.16015625,3121.1826171875,13951308490,0.037420119536786256,3034.2014508928573,0.04074551440050985
2022-02-10,3077.482177734375,3271.316162109375,3070.378173828125,3240.113037109375,18629485080,-0.05000061799033162,3091.104248046875,0.04973483804419276
2022-02-11,2927.383544921875,3127.45068359375,2888.707763671875,3077.4130859375,16043881065,-0.04877319319619966,3083.0751953125,0.03504481580068772
2022-02-12,2917.36279296875,2980.079345703125,2870.177001953125,2927.386474609375,11254355757,-0.0034231086563658586,3069.1772809709823,0.034603763499826565
2022-02-13,2883.46337890625,2947.776611328125,2845.397705078125,2916.78955078125,9054963563,-0.011619882910758439,3044.3183244977677,0.033684225629825995
2022-02-14,2933.47900390625,2957.963623046875,2840.257568359375,2880.187744140625,12164552172,0.01734567720397817,3014.4623674665177,0.03203181081385297
2022-02-15,3179.877197265625,3185.520751953125,2917.857177734375,2933.72900390625,13921257873,0.08399521286202116,3022.6435895647323,0.047772152866103375
2022-02-16,3127.830078125,3181.616943359375,3055.168212890625,3180.44677734375,12352406833,-0.01636765067071777,3006.6968819754466,0.045699641960111795
2022-02-17,2881.48193359375,3154.615234375,2861.85205078125,3126.8583984375,15860206214,-0.07876007915331673,2978.696847098214,0.051443604386794975
2022-02-18,2785.7275390625,2937.30859375,2761.643310546875,2884.340576171875,15748173433,-0.03323095432766643,2958.460274832589,0.04970818859386674
2022-02-19,2763.701171875,2826.347900390625,2707.37841796875,2784.872802734375,9774183169,-0.00790686342387692,2936.508614676339,0.04969820580238722
2022-02-20,2628.6484375,2763.756591796875,2585.9462890625,2763.756591796875,11641437834,-0.048866619788482835,2900.1064801897323,0.05224762007921347
2022-02-21,2573.816162109375,2752.45849609375,2568.25439453125,2627.66552734375,18646392740,-0.02085949365019457,2848.72607421875,0.05064576940419041
2022-02-22,2639.29931640625,2648.916748046875,2510.6787109375,2572.898681640625,16360200507,0.02544204798341476,2771.500662667411,0.03279061676467809
2022-02-23,2590.359619140625,2741.368408203125,2587.412841796875,2639.447021484375,13382637240,-0.01854268553832039,2694.719168526786,0.032696590478057806
2022-02-24,2598.067138671875,2689.047607421875,2308.914794921875,2588.166259765625,29312342666,0.002975463126547284,2654.2313406808034,0.024265513396885968
2022-02-25,2764.53564453125,2821.972412109375,2579.2080078125,2598.436279296875,17208902048,0.0640739815309288,2651.203927176339,0.036489957434535064
2022-02-26,2781.11181640625,2849.424072265625,2745.009033203125,2764.989501953125,11724648351,0.005996005841990337,2653.691162109375,0.036399535644381704
2022-02-27,2621.8017578125,2831.12548828125,2581.61572265625,2780.50439453125,16150857254,-0.05728286710874153,2652.713065011161,0.03842176203897593
2022-02-28,2919.201171875,2929.180419921875,2586.38818359375,2621.172119140625,19266124733,0.1134332194172587,2702.053780691964,0.055743231042478546
2022-03-01,2972.485107421875,3029.651611328125,2868.93896484375,2919.77587890625,18757425786,0.018252916606172453,2749.6517508370534,0.05568045618597142
2022-03-02,2950.118408203125,3026.8681640625,2919.943115234375,2972.471923828125,16636517503,-0.0075245790678323266,2801.0458635602677,0.05460696617113203
2022-03-03,2834.468994140625,2964.67333984375,2797.3193359375,2950.15673828125,13091199728,-0.03920161771843611,2834.817557198661,0.05895121939293993
2022-03-04,2617.156005859375,2835.17626953125,2587.748291015625,2834.9873046875,14496939024,-0.07666797157791327,2813.7633231026784,0.06288193572723451
2022-03-05,2664.8310546875,2679.1025390625,2596.989990234375,2618.4736328125,8072368396,0.018216357267732075,2797.151785714286,0.06344222396831642
2022-03-06,2555.037353515625,2673.63720703125,2555.037353515625,2664.943603515625,8872976607,-0.04120099883208184,2787.614013671875,0.061468348167378076
2022-03-07,2497.771240234375,2639.943115234375,2455.59375,2555.297607421875,14594098731,-0.02241302390450539,2727.409737723214,0.03439673170686744
2022-03-08,2576.74755859375,2618.166015625,2489.755126953125,2497.721435546875,13922922903,0.031618715552175436,2670.875802176339,0.03722620590950273
2022-03-09,2729.783447265625,2761.79638671875,2573.6552734375,2577.165283203125,14173665398,0.0593911064983772,2639.3993791852677,0.0479032617150284
2022-03-10,2608.048583984375,2729.116455078125,2566.193115234375,2729.116455078125,13292477213,-0.04459506244101141,2607.0536063058034,0.04849031941057824
2022-03-11,2559.56298828125,2664.55859375,2534.688232421875,2608.271240234375,12382419582,-0.018590756322895086,2598.8260323660716,0.03947354610028106
2022-03-12,2574.754150390625,2606.438720703125,2559.126953125,2559.66064453125,6532996574,0.005935060859578956,2585.9579031808034,0.03866338101697335
2022-03-13,2518.944580078125,2594.5498046875,2503.88525390625,2573.488037109375,8632000379,-0.021675689037740864,2580.8017926897323,0.03617905358588494
2022-03-14,2590.696044921875,2604.034423828125,2505.29931640625,2518.486328125,11244398839,0.02848473341224711,2594.0767647879466,0.0363838627121621
2022-03-15,2620.149658203125,2662.32958984375,2515.765869140625,2590.6689453125,12861105614,0.011368996119395458,2600.2770647321427,0.034757150808275926
2022-03-16,2772.0556640625,2781.30712890625,2610.764404296875,2620.028564453125,17915109769,0.057976079871540964,2606.3159528459823,0.03437588313080948
2022-03-17,2814.8544921875,2826.16064453125,2751.560791015625,2771.964111328125,12685265194,0.015439382650158429,2635.8596540178573,0.027388388472752916
2022-03-18,2945.343017578125,2973.6162109375,2774.855712890625,2814.4345703125,15830879093,0.04635711215367966,2690.9710867745534,0.026572833268533783
2022-03-19,2946.257080078125,2979.987060546875,2910.80224609375,2944.7216796875,11576463120,0.00031034161201071164,2744.0429338727677,0.027167007652093865
2022-03-20,2860.459228515625,2956.965576171875,2826.107421875,2946.547607421875,12684727326,-0.029120965764543816,2792.830740792411,0.02913378863305295
2022-03-21,2897.9765625,2954.556640625,2838.25048828125,2860.103271484375,15206116098,0.013115842942408973,2836.727957589286,0.028850170791449917
2022-03-22,2973.131103515625,3040.3828125,2892.54443359375,2897.774169921875,16830539230,0.025933453702879916,2887.153878348214,0.028944127362981867
2022-03-23,3031.067138671875,3036.752197265625,2933.306640625,2973.14501953125,16008767658,0.019486538985025836,2924.155517578125,0.023320858530768977
2022-03-24,3108.06201171875,3118.3876953125,3012.32666015625,3031.060791015625,18070503166,0.02540190286930155,2966.042306082589,0.02378853866250497
2022-03-25,3106.67138671875,3183.9580078125,3087.49072265625,3108.448974609375,17030503831,-0.0004474251140281771,2989.0892159598216,0.019539508340037273
2022-03-26,3143.178955078125,3146.825439453125,3091.825439453125,3106.4052734375,8876420740,0.011751345351635134,3017.2209123883927,0.01928433069458028
2022-03-27,3291.57763671875,3291.57763671875,3129.997802734375,3143.795654296875,13431866834,0.047212927981994834,3078.809256417411,0.014932413965415321
2022-03-28,3336.634521484375,3424.019287109375,3279.027099609375,3292.322509765625,20620450770,0.013688537758611341,3141.474679129464,0.014887670330187107
2022-03-29,3401.98779296875,3470.186279296875,3335.021240234375,3335.021240234375,19533323636,0.0195865837458582,3202.739920479911,0.014688750649832957
2022-03-30,3385.157958984375,3435.2861328125,3349.237060546875,3401.526123046875,15302506131,-0.004947058898670642,3253.3243233816966,0.01735986042911844
2022-03-31,3281.642822265625,3435.12841796875,3272.9345703125,3385.289306640625,17685495686,-0.030579115649246424,3278.12158203125,0.02396406370178958
2022-04-01,3449.55224609375,3467.555908203125,3223.891357421875,3282.576171875,20982988937,0.051166270347545506,3327.104561941964,0.028440401800963938
2022-04-02,3445.059326171875,3521.28466796875,3442.000244140625,3449.78857421875,23571556215,-0.0013024646682661123,3370.2303292410716,0.029139754372475176
2022-04-03,3522.83349609375,3573.960205078125,3421.259765625,3444.810546875,15333808649,0.022575567663241758,3403.2668805803573,0.025677923244502958
2022-04-04,3521.2412109375,3535.148193359375,3422.0009765625,3522.364990234375,18209969743,-0.0004519898990444915,3429.6392647879466,0.025897133514410222
2022-04-05,3411.79248046875,3546.706787109375,3410.547607421875,3521.23974609375,16681503199,-0.031082429152761826,3431.0399344308034,0.029014606248581074
2022-04-06,3171.69189453125,3411.672119140625,3171.205078125,3411.672119140625,25632563639,-0.07037373677091652,3400.5447823660716,0.03972425702238246
2022-04-07,3233.274658203125,3263.474609375,3155.5810546875,3172.197265625,16745496605,0.019416376407197067,3393.6350446428573,0.03960362830460543
2022-04-08,3192.073974609375,3301.607421875,3179.142333984375,3233.2724609375,17557050669,-0.012742710703286475,3356.8524344308034,0.032114482718435776
2022-04-09,3261.916259765625,3261.963134765625,3187.46923828125,3191.97607421875,9908112156,0.02187990808226714,3330.689139229911,0.034346725164592556
2022-04-10,3211.866943359375,3303.003173828125,3211.866943359375,3261.29150390625,10427054790,-0.015343531967263346,3286.2653459821427,0.031750074292611875
2022-04-11,2981.05224609375,3214.4619140625,2962.756591796875,3209.576904296875,21891804831,-0.07186309437345806,3209.0954938616073,0.03802252371047456
2022-04-12,3030.37646484375,3077.45263671875,2957.872314453125,2981.420654296875,20235707410,0.016545908853034197,3154.607491629464,0.04048999824918001
2022-04-13,3118.34423828125,3123.575439453125,3006.481689453125,3029.8779296875,16088473629,0.0290286617712483,3146.986397879464,0.03537849180724551
2022-04-14,3019.909423828125,3139.9287109375,2988.435302734375,3117.82177734375,15821419931,-0.03156637206525337,3116.5056501116073,0.035513937345997205
2022-04-15,3040.91650390625,3044.287353515625,3001.123291015625,3020.134521484375,11256651536,0.0069561954118133595,3094.9117257254466,0.0359596263681445
2022-04-16,3062.310302734375,3074.886962890625,3016.421142578125,3041.123291015625,8766710365,0.007035312808044258,3066.3965890066966,0.03442309988222297
2022-04-17,2993.4033203125,3075.77587890625,2989.0439453125,3061.8818359375,10463091281,-0.022501632953508044,3035.1875,0.03476633969706265
2022-04-18,3057.606689453125,3062.52099609375,2893.912841796875,2993.48388671875,18629381299,0.021448285536718847,3046.123849051339,0.02263247445352296
2022-04-19,3104.1064453125,3125.084228515625,3035.53515625,3057.5703125,14156035096,0.015207893160284813,3056.6567034040177,0.022512707107505303
2022-04-20,3077.745849609375,3157.8857421875,3045.288330078125,3103.93505859375,15547362265,-0.00849216873439762,3050.85693359375,0.019764433675104595
2022-04-21,2987.480712890625,3173.451416015625,2962.410400390625,3077.829345703125,20783591093,-0.029328327006015287,3046.2242606026784,0.019211167494513823
2022-04-22,2964.835693359375,3024.8544921875,2942.358642578125,2986.938720703125,16782795477,-0.007579971791462747,3035.3555733816966,0.01894340482913348
2022-04-23,2938.114013671875,2975.32275390625,2926.740234375,2964.80224609375,9116955609,-0.00901287034129783,3017.6132463727677,0.01842574888036188
2022-04-24,2922.732666015625,2961.882080078125,2922.128662109375,2937.34716796875,9696829579,-0.005235109183876596,3007.5174386160716,0.01690241701033977
2022-04-25,3009.3935546875,3018.41552734375,2804.507080078125,2922.990234375,22332690614,0.029650638144067543,3000.6298479352677,0.019050605513941856
2022-04-26,2808.29833984375,3026.4150390625,2786.253173828125,3008.9462890625,19052045399,-0.06682250466394446,2958.3715471540177,0.02916505257518715
2022-04-27,2888.9296875,2911.87744140625,2802.2734375,2808.64599609375,17419284041,0.028711816872254436,2931.3978097098216,0.03338485517077278
2022-04-28,2936.94091796875,2973.135009765625,2861.821533203125,2888.849853515625,18443524633,0.01661903738138304,2924.1778390066966,0.033126955203860206
2022-04-29,2815.601806640625,2943.44580078125,2782.435302734375,2936.776611328125,18771041399,-0.041314794787239206,2902.858712332589,0.036376507470121985
2022-04-30,2730.186767578125,2836.82763671875,2727.40625,2815.533447265625,13520941867,-0.030336334797430475,2873.1548200334823,0.03747177541248199
2022-05-01,2827.756103515625,2838.704345703125,2728.078857421875,2729.994140625,15332730152,0.03573723860073175,2859.586739676339,0.04131036229121141
2022-05-02,2857.410400390625,2874.14599609375,2785.52294921875,2827.614013671875,18609741545,0.010486865128902734,2837.8748604910716,0.03929728084244271
2022-05-03,2783.476318359375,2859.193359375,2762.11865234375,2857.15234375,13026093219,-0.02587450581867512,2834.328857421875,0.03103570043929979
2022-05-04,2940.644775390625,2956.686767578125,2779.273681640625,2783.131103515625,18186749944,0.05646480841047263,2841.716727120536,0.03669810569245904
2022-05-05,2749.213134765625,2948.960693359375,2704.916259765625,2940.2265625,22642925048,-0.0650985260875554,2814.8984723772323,0.04396350091676257
2022-05-06,2694.979736328125,2754.837646484375,2645.335205078125,2748.931640625,21027599270,-0.01972688030319758,2797.666748046875,0.041996182970172775
2022-05-07,2636.093017578125,2696.65283203125,2599.5234375,2694.991943359375,13369276367,-0.02185052375578611,2784.224783761161,0.04127532609924125
2022-05-08,2517.4599609375,2638.83056640625,2498.43017578125,2636.121826171875,20802269935,-0.04500336515045189,2739.8967633928573,0.039475536553039786
2022-05-09,2245.430419921875,2528.258056640625,2238.062744140625,2518.50830078125,36333567678,-0.10805714698013369,2652.4710518973216,0.05027042144215328
2022-05-10,2343.510986328125,2450.76025390625,2206.7568359375,2242.650390625,38202099639,0.04368007377831029,2589.6188616071427,0.05811452983251797
2022-05-11,2072.108642578125,2441.079345703125,2018.8555908203125,2342.754150390625,45743399154,-0.11581014355526464,2465.5422712053573,0.055366017560241794
2022-05-12,1961.7015380859375,2170.4580078125,1748.3031005859375,2072.504638671875,42463486402,-0.053282488294059016,2353.04061453683,0.05491511670382089
2022-05-13,2014.418212890625,2139.71337890625,1941.9759521484375,1960.12255859375,24816096567,0.026872933410718503,2255.817539760045,0.06107103929717861
2022-05-14,2056.27392578125,2063.429931640625,1956.572998046875,2014.2806396484375,15457044616,0.020778065161833226,2172.98624093192,0.06506821156106475
2022-05-15,2145.706787109375,2147.1943359375,2008.1627197265625,2056.18310546875,14846088335,0.04349267877534668,2119.878644670759,0.0706953444881296
2022-05-16,2022.7259521484375,2145.8369140625,1988.811767578125,2145.8369140625,21459552191,-0.057314837096923754,2088.063720703125,0.06230465822112943
2022-05-17,2090.4091796875,2113.059814453125,2015.9715576171875,2022.88232421875,18509929297,0.033461392764142284,2051.906319754464,0.060855883426216006
2022-05-18,1916.6561279296875,2102.32666015625,1916.6561279296875,2090.4599609375,17740965589,-0.08311915841461581,2029.6988176618304,0.052465271035114225
2022-05-19,2018.336181640625,2028.38818359375,1907.0205078125,1916.1495361328125,18734247914,0.053050754503766395,2037.7894810267858,0.05319054512837091
2022-05-20,1961.315673828125,2054.7958984375,1926.6767578125,2018.0001220703125,15892482289,-0.02825124393605738,2030.203404017857,0.053546741919998815
2022-05-21,1974.518310546875,1985.39599609375,1944.26513671875,1961.0179443359375,8546822406,0.006731520527228918,2018.5240304129463,0.052784266663843456
2022-05-22,2043.170166015625,2047.19140625,1966.038818359375,1974.670654296875,10941123403,0.03476891305694485,2003.875941685268,0.0515490579932535
2022-05-23,1972.181884765625,2080.33349609375,1964.3865966796875,2042.3447265625,16434529708,-0.03474418451813721,1996.6553606305804,0.04840026149568723
2022-05-24,1978.9827880859375,1991.5355224609375,1920.6881103515625,1972.390869140625,13057109007,0.0034484158752532412,1980.7373046875,0.045941681859123715
2022-05-25,1944.827880859375,2014.3695068359375,1943.9385986328125,1978.677001953125,13364545730,-0.017258819749310206,1984.7618408203125,0.0325029163599769
2022-05-26,1803.913330078125,1962.171142578125,1759.1995849609375,1945.0333251953125,23458681818,-0.07245605236746355,1954.1300048828125,0.03454510789020586
2022-05-27,1724.9228515625,1814.656494140625,1721.2647705078125,1802.5438232421875,25470760032,-0.04378840002928741,1920.3596017020088,0.035978277270058596
2022-05-28,1757.9417724609375,1757.9417724609375,1724.635986328125,1724.635986328125,23214777872,0.019142259532667127,1889.4200962611608,0.03764513078871815
2022-05-29,1812.031005859375,1818.776611328125,1765.9373779296875,1792.1844482421875,10642556101,0.030768501122035552,1856.4002162388392,0.036768941491402286
2022-05-30,1996.4412841796875,2005.2108154296875,1804.4560546875,1811.885986328125,19580808705,0.10176993535099799,1859.8658447265625,0.05639222381914933
2022-05-31,1942.3280029296875,2005.490966796875,1932.35205078125,1996.4080810546875,18363115560,-0.02710486988964189,1854.6294468470983,0.05753072399756334
2022-06-01,1823.5693359375,1965.1666259765625,1776.05322265625,1942.0506591796875,21037797760,-0.061142436711543735,1837.3067975725446,0.06179561982246115
2022-06-02,1834.1505126953125,1845.31396484375,1789.6641845703125,1822.412109375,17065041354,0.00580245376432198,1841.6263950892858,0.054775146661530855
2022-06-03,1775.07861328125,1840.058837890625,1746.509765625,1834.135009765625,14878001811,-0.03220668042518249,1848.79150390625,0.05325782717621176
2022-06-04,1801.6094970703125,1810.2996826171875,1751.5333251953125,1775.2208251953125,8677951273,0.014946314822654516,1855.029750279018,0.05309930965534049
2022-06-05,1805.2049560546875,1825.859619140625,1777.13330078125,1801.8189697265625,8850385937,0.0019956927348694364,1854.0546003069196,0.05184295171454327
2022-06-06,1859.2896728515625,1915.030517578125,1804.990234375,1805.635986328125,16518471852,0.029960430041737984,1834.4615129743304,0.031657824330367304
2022-06-07,1814.04833984375,1862.9149169921875,1729.41357421875,1859.333740234375,24020076750,-0.024332589842456676,1816.1358468191963,0.03141993203763748
2022-06-08,1793.572265625,1830.676025390625,1770.231201171875,1814.1007080078125,18041476023,-0.01128750197501005,1811.850551060268,0.021919384577837445
2022-06-09,1789.8260498046875,1827.2930908203125,1779.8675537109375,1793.5128173828125,12013083393,-0.0020886896458599535,1805.5184849330358,0.02164278540795345
2022-06-10,1665.042236328125,1797.6077880859375,1663.4339599609375,1789.68994140625,18504740451,-0.06971840279684127,1789.7990025111608,0.032109662923783706
2022-06-11,1529.6634521484375,1679.314208984375,1507.0389404296875,1665.2178955078125,21127089064,-0.08130651657115606,1750.9495675223213,0.03996987442290785
2022-06-12,1445.216552734375,1539.705078125,1436.1839599609375,1530.189697265625,23465074882,-0.05520619538595595,1699.5226527622767,0.03999910765389237
2022-06-13,1204.582763671875,1448.738037109375,1181.9482421875,1443.83544921875,45162788786,-0.16650362093294369,1605.9930943080358,0.05612510087659085
2022-06-14,1211.662841796875,1252.4718017578125,1094.701904296875,1204.5552978515625,33327826525,0.0058776186564533095,1519.938023158482,0.0602148818625433
2022-06-15,1233.2064208984375,1236.6275634765625,1025.6842041015625,1211.365966796875,37539999450,0.017780176430609806,1439.8857596261162,0.06452502317443654
2022-06-16,1067.730712890625,1246.140625,1058.7845458984375,1233.603515625,18907671369,-0.13418330070586004,1336.729282924107,0.06737395813205958
2022-06-17,1086.519287109375,1112.4715576171875,1060.86767578125,1067.9876708984375,14591486540,0.01759673482453694,1254.0831473214287,0.07489029615676789
2022-06-18,993.6367797851562,1095.1668701171875,896.1090087890625,1086.3779296875,21655406608,-0.08548629410097963,1177.5079084123884,0.07513671249558747
2022-06-19,1127.656494140625,1142.3408203125,943.1163330078125,993.400634765625,21795481981,0.13487797259723666,1132.1421857561384,0.10455179821821017
2022-06-20,1127.6424560546875,1159.9853515625,1066.1131591796875,1127.65625,19739691429,-1.2448902667161477e-05,1121.1507132393974,0.08553217811665251
2022-06-21,1124.8245849609375,1185.4324951171875,1112.5726318359375,1127.5118408203125,15632089439,-0.0024989047535589615,1108.7452479771205,0.08539317748230425
2022-06-22,1051.421875,1126.26171875,1049.7633056640625,1125.3729248046875,15010593493,-0.06525702846678672,1082.7760271344866,0.0870606558731357
2022-06-23,1143.38671875,1146.4942626953125,1050.2196044921875,1051.329345703125,14657862919,0.0874671204172921,1093.58402797154,0.07815723198206592
2022-06-24,1226.8447265625,1238.616943359375,1134.5140380859375,1143.2047119140625,16981552654,0.07299193391343572,1113.6305193219866,0.08150573037395707
2022-06-25,1243.4468994140625,1246.394287109375,1184.56201171875,1226.7247314453125,12481946184,0.013532415710079349,1149.3176792689733,0.06747097137538276
2022-06-26,1199.8316650390625,1272.1312255859375,1199.4063720703125,1242.987548828125,12096607824,-0.035076073128295526,1159.62841796875,0.054670791944520514
2022-06-27,1193.6806640625,1234.1807861328125,1179.79248046875,1199.713134765625,12492225250,-0.005126553295592751,1169.0624476841517,0.05486327873979119
2022-06-28,1144.5792236328125,1229.739013671875,1141.15966796875,1193.2540283203125,14023205651,-0.04113448588718749,1171.8845389229912,0.058111033766179813
2022-06-29,1098.94384765625,1152.684814453125,1092.09912109375,1144.5244140625,15386286815,-0.03987087571947978,1178.6733921595983,0.05369943706976154
2022-06-30,1067.298828125,1103.6904296875,1009.0948486328125,1099.3531494140625,16350755497,-0.0287958475755975,1167.8036934988838,0.041438370005123626
2022-07-01,1059.767333984375,1100.223876953125,1040.1507568359375,1068.3167724609375,17499453625,-0.007056593656957433,1143.9354945591517,0.02104585894912835
2022-07-02,1066.5128173828125,1073.0526123046875,1033.962158203125,1060.1212158203125,9935603640,0.006365060690327828,1118.6591971261162,0.019208067586897047
2022-07-03,1073.7669677734375,1083.4189453125,1044.005615234375,1066.4674072265625,8557248150,0.0068017470323764595,1100.6499546595983,0.020745199904211278
2022-07-04,1151.05908203125,1152.94384765625,1048.3963623046875,1073.7943115234375,13670889311,0.0719822052433643,1094.5611572265625,0.03933893174917969
2022-07-05,1134.541015625,1165.6827392578125,1086.8299560546875,1150.509765625,16195518291,-0.014350320208673328,1093.1271275111608,0.03637619607163877
2022-07-06,1186.9739990234375,1193.63671875,1116.24755859375,1134.822265625,15373536703,0.046215150158809504,1105.7028634207588,0.035468199479762784
2022-07-07,1237.5933837890625,1246.8948974609375,1165.6231689453125,1186.9609375,14230795894,0.04264574018240608,1130.0306570870537,0.032019868194311456
2022-07-08,1222.5062255859375,1262.8857421875,1200.6322021484375,1237.580322265625,16315929082,-0.012190723060375164,1153.2790701729912,0.032839348310781
2022-07-09,1216.978271484375,1228.7679443359375,1209.3775634765625,1222.306884765625,8821353104,-0.00452182081846908,1174.774135044643,0.03389258781779283
2022-07-10,1168.401611328125,1216.9044189453125,1157.175537109375,1216.9044189453125,10984558039,-0.03991579906928,1188.2933698381696,0.04072374608242979
2022-07-11,1097.236572265625,1169.19384765625,1095.0028076171875,1168.1390380859375,12064180410,-0.06090802885970559,1180.6044398716517,0.03951390175812323
2022-07-12,1038.191650390625,1097.2591552734375,1038.1356201171875,1097.2591552734375,12583282453,-0.05381238956798651,1166.8402448381696,0.04349397767802733
2022-07-13,1113.587158203125,1113.587158203125,1019.2203369140625,1038.1866455078125,18302588147,0.07262195547819328,1156.356410435268,0.05001866725052261
2022-07-14,1191.5262451171875,1202.953369140625,1077.40576171875,1113.5157470703125,16688640823,0.0699892112978604,1149.775390625,0.05541111876408796
2022-07-15,1233.129150390625,1275.7781982421875,1182.9031982421875,1191.6748046875,17411448225,0.034915643229785465,1151.2929513113838,0.05710023015898088
2022-07-16,1352.62646484375,1377.944580078125,1195.60595703125,1232.7916259765625,18364013796,0.09690575753178088,1170.6712646484375,0.06699618380783785
2022-07-17,1338.6357421875,1378.41748046875,1329.7633056640625,1353.205078125,16079711737,-0.010343374922703541,1194.9904261997767,0.06364946013858618
2022-07-18,1578.7178955078125,1578.7178955078125,1338.8060302734375,1338.8060302734375,27440420623,0.17934838115706353,1263.773472377232,0.07556899749078196
2022-07-19,1542.9752197265625,1607.0330810546875,1501.7974853515625,1578.3839111328125,27753529276,-0.02264031837667424,1335.8854108537946,0.06864390710450713
2022-07-20,1520.20068359375,1612.645751953125,1500.80322265625,1542.954345703125,22942708340,-0.014760143806359038,1393.9730573381696,0.0737459392079531
2022-07-21,1576.74951171875,1595.761962890625,1472.1854248046875,1520.37451171875,20009556587,0.037198265160175215,1449.0049525669642,0.07312786720762093
2022-07-22,1537.4051513671875,1641.209228515625,1523.6417236328125,1576.745361328125,18926100582,-0.02495282862569259,1492.4729527064733,0.07758852842358742
2022-07-23,1549.2974853515625,1591.632568359375,1495.6781005859375,1536.4573974609375,14998811383,0.00773532856566761,1520.568812779018,0.07278607515731413
2022-07-24,1599.4766845703125,1654.4287109375,1548.671142578125,1549.2225341796875,17217849557,0.03238835646038862,1557.8318045479912,0.07143449717851581
2022-07-25,1445.3834228515625,1605.3369140625,1445.3834228515625,1599.1572265625,20585056021,-0.09633979863866915,1538.7840227399554,0.04505756240215288
2022-07-26,1441.8067626953125,1445.151123046875,1362.95166015625,1445.151123046875,18238563509,-0.0024745407341075776,1524.3313860212054,0.04488017549609537
2022-07-27,1636.232666015625,1636.7994384765625,1423.618896484375,1443.726806640625,23007524016,0.13484879413164408,1540.9073835100446,0.07008377952873436
2022-07-28,1725.4681396484375,1774.576416015625,1604.8909912109375,1636.23193359375,27231399966,0.054537154456223425,1562.1529017857142,0.07139107148652725
2022-07-29,1727.406982421875,1759.884033203125,1662.7911376953125,1725.6239013671875,23249531113,0.0011236618798609044,1589.2960205078125,0.06961053872294623
2022-07-30,1695.969482421875,1738.016845703125,1678.1080322265625,1727.0618896484375,15576977870,-0.018199243328242076,1610.2491629464287,0.0709763060183001
2022-07-31,1681.517333984375,1745.8831787109375,1672.61279296875,1695.884765625,14200735370,-0.008521467271251915,1621.9692557198662,0.07100231223187713
2022-08-01,1635.19580078125,1700.1708984375,1613.416015625,1681.445556640625,16191371176,-0.027547461014490793,1649.0853097098213,0.05740550029660184
2022-08-02,1632.9454345703125,1672.6297607421875,1567.85107421875,1634.6458740234375,20426082309,-0.0013762059625289647,1676.390834263393,0.05733813399631336
2022-08-03,1618.87451171875,1678.0982666015625,1595.634521484375,1633.05126953125,16786218830,-0.008616897144064772,1673.911097935268,0.026469581036016425
2022-08-04,1608.205810546875,1658.5115966796875,1585.3265380859375,1618.88671875,14467440626,-0.006590196519029812,1657.1593366350446,0.009907588546028395
2022-08-05,1732.254638671875,1732.254638671875,1606.4970703125,1607.52392578125,18546491876,0.07713492098552788,1657.8518589564733,0.034704518934123
2022-08-06,1691.6580810546875,1744.326416015625,1691.6580810546875,1732.6611328125,11757911705,-0.023435675512644583,1657.2359444754463,0.035237110829920114
2022-08-07,1699.350830078125,1724.7891845703125,1672.908447265625,1691.7779541015625,10252090340,0.00454746092581626,1659.7835867745537,0.035046822911817196
2022-08-08,1775.51611328125,1806.886474609375,1697.407958984375,1699.6934814453125,16841424404,0.044820223025767714,1679.829345703125,0.03554257059483607
2022-08-09,1703.0250244140625,1786.12255859375,1675.849853515625,1776.0712890625,16368619692,-0.04082817853633558,1689.8407156808037,0.040819080099930065
2022-08-10,1851.74267578125,1869.400634765625,1665.0904541015625,1702.906494140625,23512477984,0.08732558197044393,1723.1075962611608,0.04990734371443242
2022-08-11,1881.22412109375,1927.939208984375,1851.828369140625,1851.828369140625,23826986482,0.015920919087778707,1762.1102120535713,0.04858418174131044
2022-08-12,1957.2464599609375,1957.552978515625,1860.08349609375,1880.899169921875,17168141904,0.040411101481618195,1794.2519008091517,0.043568895575357466
2022-08-13,1981.3365478515625,2013.7557373046875,1948.59521484375,1957.333984375,16038975216,0.012308152490466462,1835.6345389229912,0.03977908869078172
2022-08-14,1936.802001953125,2022.79150390625,1919.0101318359375,1981.782470703125,14062754456,-0.02247702236489202,1869.5561349051338,0.04309805106595138
2022-08-15,1904.2281494140625,2007.2103271484375,1881.8568115234375,1936.760498046875,20349931313,-0.016818369924346488,1887.943568638393,0.04339177221895908
2022-08-16,1878.139404296875,1910.745361328125,1862.2734375,1902.8331298828125,15637578930,-0.01370043034245405,1912.9599086216517,0.03899758508221387
2022-08-17,1832.9996337890625,1951.6756591796875,1823.5322265625,1877.934326171875,20308508124,-0.02403430246154259,1910.2823311941963,0.024431506617712498
2022-08-18,1847.0078125,1876.376953125,1826.957763671875,1833.715576171875,14999352229,0.007642215771740624,1905.394287109375,0.023652634737339733
2022-08-19,1612.9873046875,1847.0953369140625,1611.3388671875,1847.0953369140625,25906358731,-0.12670250024321428,1856.2144077845983,0.04653262312642287
2022-08-20,1577.0037841796875,1652.21875,1534.298828125,1612.650634765625,18334580263,-0.022308619790894157,1798.4525844029017,0.04349138938249613
2022-08-21,1619.3189697265625,1640.9365234375,1569.0465087890625,1576.5435791015625,15849221752,0.02683264680235764,1753.097865513393,0.048808026518966076
2022-08-22,1622.505859375,1622.77880859375,1535.0147705078125,1619.1668701171875,18557078599,0.0019680431761850414,1712.8518240792412,0.04978542773678054
2022-08-23,1662.7698974609375,1666.676513671875,1569.4285888671875,1622.9393310546875,18322041914,0.024815958508431768,1682.084751674107,0.05282324108894802
2022-08-24,1657.0592041015625,1686.5577392578125,1610.0992431640625,1662.6954345703125,16780932907,-0.0034344459615821554,1656.950404575893,0.05287285640425077
2022-08-25,1696.45703125,1718.1832275390625,1656.8560791015625,1657.3365478515625,14818795695,0.023775751072091955,1635.443150111607,0.05425751047067258
2022-08-26,1507.7828369140625,1698.56103515625,1498.771240234375,1696.3245849609375,26713710143,-0.11121660664574373,1620.4139404296875,0.04877959188900037
2022-08-27,1491.39501953125,1517.1500244140625,1454.282958984375,1508.156982421875,18120831899,-0.010868818096081423,1608.184116908482,0.048430618981613695
2022-08-28,1430.54736328125,1505.7919921875,1430.54736328125,1491.206787109375,12823572918,-0.040799154786720804,1581.2167445591517,0.04731861328141301
2022-08-29,1553.037353515625,1556.3095703125,1427.7283935546875,1430.439453125,17965837488,0.08562456118434225,1571.2926722935267,0.06127681477021249
2022-08-30,1523.8388671875,1600.461181640625,1480.831787109375,1553.18896484375,21835784470,-0.018800891209749815,1551.4453822544642,0.0599929038563813
2022-08-31,1553.6849365234375,1612.35888671875,1524.2864990234375,1524.2864990234375,20591680941,0.019586105840063928,1536.6776297433037,0.06108605303356451
2022-09-01,1586.1767578125,1593.082763671875,1520.1883544921875,1553.75634765625,16434276817,0.020912747832753542,1520.923304966518,0.060850654735872145
2022-09-02,1577.220458984375,1643.1832275390625,1551.8779296875,1586.0179443359375,17708478709,-0.005646469590486647,1530.8429652622767,0.0407498959044121
2022-09-03,1556.8726806640625,1579.454345703125,1541.672119140625,1577.2137451171875,9516825994,-0.01290103625298844,1540.1969168526787,0.040906552082851336
2022-09-04,1577.6416015625,1578.00927734375,1543.6988525390625,1556.8958740234375,8884144998,0.013340153730219573,1561.2103794642858,0.03510135935684702
2022-09-05,1617.1832275390625,1621.661376953125,1559.7818603515625,1577.884033203125,13060541168,0.025063757153335864,1570.3740757533483,0.017945390651463243
2022-09-06,1561.74853515625,1680.5953369140625,1561.74853515625,1617.240234375,22946059125,-0.0342785476863805,1575.7897426060267,0.021997372010616315
2022-09-07,1629.9063720703125,1651.0511474609375,1500.013671875,1560.90673828125,19560363854,0.04364200470163615,1586.6785191127233,0.02633887371324259
2022-09-08,1635.34765625,1655.0640869140625,1603.0638427734375,1629.80517578125,17621046717,0.0033384029125402837,1593.7029331752233,0.025637943707638514
2022-09-09,1719.08544921875,1735.809814453125,1632.8365478515625,1635.187744140625,20242323690,0.05120488762662756,1613.9693603515625,0.030395464880215054
2022-09-10,1776.2037353515625,1784.497802734375,1710.2969970703125,1718.9613037109375,13130928217,0.03322597265817717,1645.3023681640625,0.028863282743651412
2022-09-11,1761.800048828125,1782.7298583984375,1730.164794921875,1775.97607421875,12464301922,-0.008109253593359123,1671.6107177734375,0.030689934598569755
2022-09-12,1713.7652587890625,1778.1634521484375,1698.29345703125,1762.0848388671875,17688391310,-0.02726460932443109,1685.4081508091517,0.034353392694618894
2022-09-13,1580.7879638671875,1745.779052734375,1564.0318603515625,1713.9625244140625,23066821734,-0.07759364606085906,1688.1280691964287,0.04550269602647096
2022-09-14,1634.7550048828125,1642.1572265625,1564.0318603515625,1574.858154296875,17897150206,0.03413932940354747,1688.8207310267858,0.04419844816534768
2022-09-15,1471.6934814453125,1648.9456787109375,1466.139404296875,1635.0830078125,26946275878,-0.09974676508128455,1665.4415631975446,0.05831602292983852
2022-09-16,1432.44775390625,1480.564208984375,1415.581298828125,1471.9283447265625,16764804299,-0.026667052639602784,1624.4933210100446,0.050880296593879173
2022-09-17,1469.74169921875,1473.0604248046875,1415.0423583984375,1432.87646484375,10798098671,0.026035117309375133,1580.7130301339287,0.04957467523594686
2022-09-18,1335.3291015625,1469.7054443359375,1331.4947509765625,1469.7054443359375,15762284723,-0.09145321094699688,1519.788609095982,0.054442828483227686
2022-09-19,1377.5413818359375,1388.272216796875,1287.4208984375,1335.270751953125,18712714223,0.031611892696747024,1471.756626674107,0.06049995735238021
2022-09-20,1324.38818359375,1381.9656982421875,1319.201416015625,1377.6190185546875,14722317220,-0.03858555462874502,1435.1280866350446,0.056982671567271714
2022-09-21,1252.6077880859375,1384.4769287109375,1229.4267578125,1324.215576171875,20643507800,-0.054198909652784066,1380.5356270926338,0.05161278531389709
2022-09-22,1327.68017578125,1336.1578369140625,1240.96826171875,1251.5673828125,18461527259,0.05993287636350053,1359.9622977120537,0.054046367560837125
2022-09-23,1328.259521484375,1353.288330078125,1270.1983642578125,1327.481201171875,18771106339,0.00043635938360231386,1345.0782645089287,0.05390248533541484
2022-09-24,1317.9932861328125,1346.2552490234375,1312.6402587890625,1328.24462890625,12098209717,-0.0077290884691642026,1323.3999197823662,0.05166089145651824
2022-09-25,1294.216796875,1333.371337890625,1275.627685546875,1317.9384765625,11802651633,-0.018039916825051683,1317.5267333984375,0.03937453952719621
2022-09-26,1335.3201904296875,1335.5263671875,1282.04931640625,1294.3861083984375,16034549271,0.031759279939756135,1311.4951346261162,0.03939666262371756
2022-09-27,1330.127685546875,1396.8914794921875,1308.991455078125,1335.3370361328125,17870598937,-0.003888584116399585,1312.3150634765625,0.036352067943805154
2022-09-28,1337.410888671875,1351.9644775390625,1267.8692626953125,1329.5413818359375,18994979566,0.005475566897929385,1324.4297921316963,0.02699240631340568
2022-09-29,1335.65234375,1348.107666015625,1293.193359375,1337.554443359375,13796915736,-0.0013148875463555587,1325.5686732700892,0.015462002366789275
2022-09-30,1327.9786376953125,1368.743408203125,1320.3831787109375,1335.646484375,14250100093,-0.005745287005705868,1325.5285470145088,0.01567179656179943
2022-10-01,1311.6444091796875,1332.5164794921875,1306.1025390625,1328.1937255859375,6227961237,-0.012300068730000668,1324.6215645926338,0.01613936490459984
2022-10-02,1276.093505859375,1316.330078125,1275.3360595703125,1311.75341796875,7578351650,-0.027104071096941795,1322.0325230189733,0.0180269754756152
2022-10-03,1323.439208984375,1326.554443359375,1271.15087890625,1276.1634521484375,10153070907,0.037102064157215064,1320.335239955357,0.019721770116453062
2022-10-04,1362.1265869140625,1364.970947265625,1320.07666015625,1323.2783203125,10139774963,0.02923245561039156,1324.9065115792412,0.02269349567353022
2022-10-05,1352.837158203125,1362.4517822265625,1320.8551025390625,1361.972900390625,9774451820,-0.006819798394790189,1327.1102643694196,0.02299977696490733
2022-10-06,1351.70947265625,1380.4049072265625,1349.449951171875,1352.806640625,12033514861,-0.0008335707960394068,1329.4041399274554,0.022989405453586305
2022-10-07,1332.5169677734375,1359.328125,1321.74609375,1351.83642578125,10061619355,-0.01419869082155445,1330.0524727957588,0.023671871871919808
2022-10-08,1315.50048828125,1335.954833984375,1307.072998046875,1332.371337890625,5804676208,-0.012770178469562854,1330.6033412388392,0.023715611623533424
2022-10-09,1322.604248046875,1327.6688232421875,1309.3446044921875,1315.460205078125,5486230123,0.005400043427506773,1337.2477329799108,0.020311672345014513
2022-10-10,1291.337646484375,1335.6627197265625,1291.337646484375,1322.61865234375,8794491050,-0.023640179296771646,1332.6617954799108,0.017198217915757597
2022-10-11,1279.57568359375,1296.27392578125,1272.7376708984375,1291.109619140625,9274845260,-0.009108355915005362,1320.8688092912946,0.009436109510642329
2022-10-12,1294.9063720703125,1303.0751953125,1277.5274658203125,1279.7322998046875,8355638578,0.011981072064065401,1312.592982700893,0.012340097737147913
2022-10-13,1288.1239013671875,1297.564208984375,1209.2781982421875,1294.9173583984375,17499038202,-0.005237807805579919,1303.5093296595983,0.012133382866541835
2022-10-14,1297.422119140625,1339.7447509765625,1285.3782958984375,1288.0487060546875,13113767755,0.007218418789969316,1298.4957798549108,0.012645178923931804
2022-10-15,1274.8717041015625,1300.7459716796875,1268.468505859375,1297.305908203125,6798512624,-0.017380939253601735,1292.6916678292412,0.013297416417913717
2022-10-16,1306.296630859375,1312.634521484375,1275.0054931640625,1275.0054931640625,7491625206,0.024649481713894028,1290.3620082310267,0.017105785792683095
2022-10-17,1331.713623046875,1335.6478271484375,1297.447265625,1306.3095703125,9401189650,0.019457289858260562,1296.1300048828125,0.015555627235835002
2022-10-18,1310.447021484375,1339.0859375,1291.66064453125,1331.669921875,10416747806,-0.01596935046278447,1300.5401960100446,0.01672873085156687
2022-10-19,1285.7442626953125,1312.4423828125,1283.96533203125,1310.5631103515625,8350692785,-0.01885063522910002,1299.2313232421875,0.018133061825361292
2022-10-20,1283.200927734375,1307.8551025390625,1275.323974609375,1285.6602783203125,9009111996,-0.001978103293734268,1298.528041294643,0.01804393576600223
2022-10-21,1299.9464111328125,1305.081298828125,1260.666748046875,1283.1881103515625,10412565245,0.013049775009127629,1298.8886544363838,0.018581306616265055
2022-10-22,1314.2991943359375,1317.10107421875,1295.9468994140625,1299.90234375,7175324564,0.011041057600688076,1304.5211530412946,0.017087115390859598
2022-10-23,1363.447021484375,1367.7607421875,1302.9088134765625,1314.24951171875,9909510925,0.03739470233280473,1312.6854945591517,0.020020976541830462
2022-10-24,1344.99853515625,1368.425537109375,1327.85400390625,1363.4918212890625,13092820173,-0.013530768733529763,1314.5833391462054,0.020290165540461515
2022-10-25,1461.6654052734375,1509.9854736328125,1336.9788818359375,1344.7113037109375,25367291294,0.0867412618435559,1336.1859654017858,0.03629669755001271
2022-10-26,1566.566650390625,1584.63671875,1460.4287109375,1461.1331787109375,32705548427,0.07176830260791678,1376.3034493582588,0.037812649919253254
2022-10-27,1514.3748779296875,1574.4034423828125,1510.8167724609375,1566.8414306640625,22813499245,-0.03331602421634816,1409.3282993861608,0.0435420010535247
2022-10-28,1555.4779052734375,1568.6339111328125,1493.87109375,1514.3231201171875,19974623205,0.027141910462713303,1445.832798549107,0.04323636741221002
2022-10-29,1619.698486328125,1652.3822021484375,1549.983642578125,1555.274658203125,21618154775,0.04128672020153079,1489.4612688337054,0.0429151158935662
2022-10-30,1590.7833251953125,1637.037841796875,1579.4852294921875,1619.6978759765625,13930073427,-0.017852187537918507,1521.9378836495537,0.04648929779014308
2022-10-31,1572.7144775390625,1630.452880859375,1555.9189453125,1590.4813232421875,19306919714,-0.011358459301194612,1554.4687325613838,0.04620983346297062
2022-11-01,1579.70458984375,1606.605712890625,1568.0985107421875,1572.6453857421875,14507311208,0.004444616238050703,1571.3314732142858,0.03698226682369161
2022-11-02,1519.7117919921875,1613.41064453125,1507.2447509765625,1579.4979248046875,23254218281,-0.03797722576567086,1564.6379220145088,0.029866114684950547
2022-11-03,1531.541748046875,1556.7596435546875,1517.1016845703125,1519.724853515625,14248351007,0.007784341818641627,1567.09033203125,0.02703606541278205
2022-11-04,1645.0933837890625,1661.334716796875,1529.2684326171875,1531.3975830078125,20806964347,0.074142044046136,1579.892543247768,0.03796840706057965
2022-11-05,1627.968017578125,1660.4864501953125,1625.9642333984375,1645.156494140625,11006973190,-0.010409966011469485,1581.0739048549108,0.03550762844758085
2022-11-06,1572.2347412109375,1634.1324462890625,1572.2347412109375,1627.901123046875,11632744705,-0.034234871794410315,1578.424107142857,0.0374628689168642
2022-11-07,1568.59130859375,1604.475341796875,1550.41552734375,1572.0169677734375,15279963349,-0.002317359184151657,1577.8350830078125,0.03720469097164371
2022-11-08,1332.8355712890625,1574.7998046875,1259.443115234375,1568.32958984375,42048003440,-0.1502977455077471,1542.568080357143,0.06772166364553578
2022-11-09,1100.1697998046875,1335.7435302734375,1083.28564453125,1333.1224365234375,38864492427,-0.17456449729905577,1482.633510044643,0.08934925708375666
2022-11-10,1299.464599609375,1341.7911376953125,1093.12255859375,1100.107177734375,28581002122,0.18114912792558768,1449.4796316964287,0.1229634016687353
2022-11-11,1287.2210693359375,1302.2952880859375,1211.32958984375,1298.8824462890625,20920539099,-0.009421980619647496,1398.355015345982,0.11657034617507028
2022-11-12,1255.268310546875,1288.15087890625,1242.1522216796875,1287.4383544921875,10964962767,-0.02482305452438449,1345.1122000558037,0.11632283227115449
2022-11-13,1221.8192138671875,1271.7125244140625,1208.52099609375,1255.4412841796875,10717455214,-0.026646969734394843,1295.0528390066963,0.11631915127389904
2022-11-14,1241.604248046875,1284.2176513671875,1178.4290771484375,1221.8955078125,15028035663,0.016193094653558227,1248.3404017857142,0.1172483965006744
2022-11-15,1251.7362060546875,1283.19873046875,1238.688232421875,1241.677734375,11798011594,0.008160376403149927,1236.7547781808037,0.10400594570909198
2022-11-16,1215.6025390625,1264.486328125,1192.98779296875,1251.808837890625,11939561598,-0.028866838569826303,1253.2451695033483,0.07469752930399683
2022-11-17,1200.80859375,1224.9656982421875,1189.1527099609375,1215.8486328125,9723646871,-0.012170051342529575,1239.1514543805804,0.017632945977195287
2022-11-18,1212.30029296875,1226.7374267578125,1200.8021240234375,1200.8021240234375,7979913378,0.009569967502366605,1228.448486328125,0.01931214125152051
2022-11-19,1218.4267578125,1227.8372802734375,1200.4755859375,1212.2154541015625,5978745776,0.005053586870582327,1223.1854073660713,0.018346982236980593
2022-11-20,1142.4666748046875,1224.0777587890625,1137.9332275390625,1218.436279296875,9651002684,-0.062342756772829966,1211.849330357143,0.02805181718535719
2022-11-21,1108.35302734375,1142.395751953125,1084.8572998046875,1142.395751953125,14080099208,-0.0298596433605115,1192.813441685268,0.026458850321521905
2022-11-22,1135.1734619140625,1136.442626953125,1081.13818359375,1107.89599609375,12040670755,0.024198458350936924,1176.16162109375,0.029407462436996122
2022-11-23,1183.1995849609375,1184.997314453125,1130.0228271484375,1135.4215087890625,11242676044,0.04230729897957275,1171.5326276506696,0.034980342278675365
2022-11-24,1203.983154296875,1211.62744140625,1180.3797607421875,1183.3450927734375,9706372376,0.01756556510001106,1171.9861363002233,0.03552778467206237
2022-11-25,1198.9259033203125,1203.7994384765625,1174.8233642578125,1203.7994384765625,5483308196,-0.004200433335394882,1170.0755092075892,0.035350283195528125
2022-11-26,1205.89794921875,1227.0380859375,1198.097900390625,1198.79052734375,5074160558,0.005815243360018485,1168.285679408482,0.0353733288568586
2022-11-27,1195.126953125,1220.3494873046875,1195.0390625,1205.9052734375,4486976868,-0.008931930020055212,1175.8085763113838,0.023779204100798847
2022-11-28,1170.086181640625,1198.7376708984375,1156.0625,1194.9603271484375,7275411870,-0.02095239457105269,1184.6275983537946,0.02163881690083269
2022-11-29,1216.9012451171875,1222.1641845703125,1163.4775390625,1169.8743896484375,7639405818,0.040009927654150346,1196.3029959542412,0.024279128520979312
2022-11-30,1295.6885986328125,1302.0386962890625,1215.4979248046875,1216.9287109375,9836925304,0.06474424595402373,1212.3728550502233,0.030021572045301658
2022-12-01,1276.27392578125,1295.9998779296875,1267.70849609375,1295.76953125,6857935276,-0.014984057799110495,1222.7001081194196,0.03174650793799741
2022-12-02,1294.3033447265625,1294.3033447265625,1269.2431640625,1276.32861328125,6213645709,0.014126606037395906,1236.3254568917412,0.031248849668467745
2022-12-03,1243.3348388671875,1299.84033203125,1241.431884765625,1294.45654296875,5672609405,-0.03937910387625765,1241.673583984375,0.036775985305684634
2022-12-04,1280.256591796875,1281.4923095703125,1242.9117431640625,1243.21923828125,5174128454,0.029695743878074943,1253.8349609375,0.037241352622542884
2022-12-05,1259.6767578125,1302.237548828125,1252.472412109375,1279.9989013671875,6120359523,-0.016074772913678648,1266.6336146763392,0.036595559561508874
2022-12-06,1271.65380859375,1271.9232177734375,1247.6298828125,1259.854248046875,5089212680,0.009508035062938625,1274.4554094587054,0.03433432002464181
2022-12-07,1232.4375,1272.694091796875,1224.447998046875,1271.5531005859375,5752205180,-0.030838824473082838,1265.4195382254463,0.025258860939853207
2022-12-08,1281.1163330078125,1286.229736328125,1226.3585205078125,1232.4517822265625,6227269815,0.0394980134958669,1266.1113106863838,0.030237771780624024
2022-12-09,1264.2847900390625,1290.055419921875,1260.8187255859375,1281.0772705078125,5706183865,-0.013138184671514397,1261.8229457310267,0.03001029017325728
2022-12-10,1266.3841552734375,1279.5279541015625,1262.119873046875,1264.37548828125,3282499999,0.0016605160885547754,1265.1157052176338,0.02535811035698457
2022-12-11,1263.8685302734375,1281.783203125,1260.6636962890625,1266.4178466796875,3362005848,-0.0019864627881867047,1262.7745535714287,0.02243794731147876
2022-12-12,1274.6190185546875,1275.6103515625,1243.477783203125,1263.573486328125,5151109364,0.00850601785212901,1264.9091622488838,0.02171125161343617
2022-12-13,1320.5491943359375,1341.4393310546875,1258.472412109375,1274.6624755859375,8812883119,0.03603443469196854,1271.8942173549108,0.02528410420047075
2022-12-14,1309.3287353515625,1346.1744384765625,1305.8333740234375,1320.6885986328125,7830915428,-0.008496812562910572,1282.8786795479912,0.02094405244641878
2022-12-15,1266.3538818359375,1311.067138671875,1262.6893310546875,1309.1907958984375,6032859783,-0.03282205022719986,1280.7697579520088,0.02115279248136137
2022-12-16,1168.2593994140625,1278.156982421875,1162.1756591796875,1266.4605712890625,9297811507,-0.07746214058242495,1267.0518450055804,0.03590054146199845
2022-12-17,1188.1495361328125,1189.0450439453125,1165.4078369140625,1168.0667724609375,5077258586,0.017025445486444024,1255.8754708426338,0.03722414382013502
2022-12-18,1184.7152099609375,1194.2144775390625,1176.185791015625,1188.1285400390625,3350092519,-0.0028904831146532306,1244.5678536551338,0.03719951196713644
2022-12-19,1167.60986328125,1192.923828125,1160.377197265625,1184.75830078125,4943628091,-0.014438361671959554,1229.2808314732142,0.0364456337523104
2022-12-20,1217.70361328125,1224.0926513671875,1165.5994873046875,1167.8826904296875,6684951715,0.04290281503722926,1214.5886056082588,0.03800902070007271
2022-12-21,1213.5999755859375,1218.1922607421875,1206.4400634765625,1217.58642578125,4217182733,-0.0033699807166168716,1200.9130684988838,0.03811192167276116
2022-12-22,1218.18212890625,1221.98681640625,1187.1278076171875,1213.672607421875,5297471739,0.003775670247603724,1194.0313895089287,0.036976843481307
2022-12-23,1220.159423828125,1226.998779296875,1215.994873046875,1218.079345703125,4835831923,0.0016231521337866095,1201.4456787109375,0.018668421120733063
2022-12-24,1221.1485595703125,1224.91162109375,1216.3387451171875,1220.117919921875,2626153345,0.0008106610684399662,1206.1598249162946,0.01812477476584976
2022-12-25,1218.9620361328125,1223.517822265625,1203.7196044921875,1221.1715087890625,3942720070,-0.0017905466295349282,1211.0522286551338,0.018059132760009394
2022-12-26,1226.974365234375,1226.974365234375,1214.3359375,1218.920166015625,3282098400,0.006573075177125132,1219.5328717912946,0.016079423440453332
2022-12-27,1212.7916259765625,1230.4180908203125,1205.8956298828125,1226.987060546875,4091530737,-0.011559116196452335,1218.8311593191963,0.005869616895808095
2022-12-28,1189.986083984375,1213.12890625,1185.7021484375,1212.736572265625,4991669631,-0.018804171717317075,1215.4577462332588,0.009106428838179725
2022-12-29,1201.5953369140625,1204.1416015625,1188.3602294921875,1190.0101318359375,4132233940,0.009755788816300015,1213.0882045200892,0.010053780718084628
2022-12-30,1199.2327880859375,1202.03466796875,1187.4625244140625,1201.569580078125,4055668253,-0.001966176761464933,1210.0986851283483,0.009934190673373314
2022-12-31,1196.771240234375,1205.088623046875,1194.2037353515625,1199.360107421875,3018513333,-0.002052602193683639,1206.6162109375,0.009837194493928635
2023-01-01,1200.96484375,1203.475341796875,1192.8853759765625,1196.713623046875,2399674550,0.003504097838116227,1204.0451834542412,0.010130062590289271
2023-01-02,1214.6566162109375,1219.860595703125,1195.2149658203125,1201.103271484375,3765758498,0.011400643850810077,1202.2855050223213,0.010948490641912202
2023-01-03,1214.77880859375,1219.0953369140625,1207.4915771484375,1214.7440185546875,3392972131,0.00010059829352737637,1202.5693882533483,0.009988144391691873
2023-01-04,1256.526611328125,1264.8074951171875,1213.1688232421875,1214.7186279296875,6404416893,0.03436658792451519,1212.0751778738838,0.012862891574920002
2023-01-05,1250.4385986328125,1258.571533203125,1245.173095703125,1256.484619140625,4001786456,-0.004845112423745301,1219.0527866908483,0.01366544045378213
2023-01-06,1269.3790283203125,1273.2203369140625,1240.947509765625,1250.458984375,4977252792,0.015147028977039678,1229.0736781529017,0.013577746982313166
2023-01-07,1264.2703857421875,1270.5982666015625,1262.2711181640625,1269.4197998046875,2565213548,-0.00402452101708739,1238.7164132254463,0.013844514529211392
2023-01-08,1287.3594970703125,1287.3594970703125,1260.226806640625,1264.181884765625,3495088905,0.018262795354943462,1251.0585065569196,0.014174490163739686
2023-01-09,1321.5389404296875,1342.1441650390625,1286.6807861328125,1287.4508056640625,7990438824,0.026550037838815266,1266.3274100167412,0.015507453019978384
2023-01-10,1336.5860595703125,1342.7572021484375,1318.5272216796875,1321.3955078125,5830173253,0.011386058087499595,1283.7284458705358,0.014597097249427838
2023-01-11,1387.9327392578125,1387.9327392578125,1323.5831298828125,1336.48681640625,6314904311,0.03841629150614301,1302.5007498604912,0.015592759354962828
2023-01-12,1417.9384765625,1432.28125,1378.422119140625,1405.3514404296875,12230193038,0.021619013988194213,1326.4293038504463,0.013164312092352217
2023-01-13,1451.6148681640625,1461.6727294921875,1404.02392578125,1417.9461669921875,7684148212,0.02375024880007759,1352.4629952566963,0.013233871328351299
2023-01-14,1550.7069091796875,1563.7391357421875,1450.9884033203125,1451.428466796875,15444626014,0.0682633136301174,1393.3824986049108,0.018885267068384
2023-01-15,1552.4794921875,1556.9508056640625,1520.893798828125,1550.7315673828125,6774614499,0.0011430806152468165,1431.2567836216517,0.02154235999853411
2023-01-16,1576.83349609375,1594.039794921875,1529.5736083984375,1552.519287109375,8454485431,0.015687166258109064,1467.7274344308037,0.021992289275732137
2023-01-17,1567.8460693359375,1594.0009765625,1553.3359375,1577.107421875,7599462786,-0.0056996675806778585,1500.7645786830358,0.024641071445023168
2023-01-18,1515.5069580078125,1602.106689453125,1509.4228515625,1567.698974609375,10354880595,-0.033382812478710555,1518.989467075893,0.03133879033981633
2023-01-19,1552.5565185546875,1557.9703369140625,1514.3800048828125,1515.2496337890625,6432638856,0.024446974889233086,1538.2206159319196,0.031485485328620604
2023-01-20,1659.754150390625,1659.8857421875,1544.9178466796875,1552.3736572265625,8528894754,0.0690458804911851,1567.954799107143,0.0379450650998802
2023-01-21,1627.1181640625,1674.1793212890625,1626.81298828125,1659.7060546875,8859250310,-0.019663144882297257,1578.8706926618304,0.033580465354971806
2023-01-22,1628.382080078125,1658.0234375,1612.085693359375,1627.365966796875,7517988734,0.0007767819470894111,1589.7139195033483,0.03359206613077827
2023-01-23,1628.2510986328125,1641.2181396484375,1607.903076171875,1628.55078125,8264507375,-8.043655534839544e-05,1597.059291294643,0.03346558389760173
2023-01-24,1556.604248046875,1639.723876953125,1551.3897705078125,1627.8482666015625,8180274691,-0.04400233517182761,1595.4533168247767,0.0383007554717769
2023-01-25,1611.7110595703125,1632.24169921875,1530.7978515625,1556.8074951171875,10598973448,0.035401940854640435,1609.1967599051338,0.037239887988514866
2023-01-26,1603.10595703125,1626.1982421875,1586.59814453125,1611.0809326171875,8395315241,-0.005339109940311948,1616.4181082589287,0.0369369067121289
2023-01-27,1598.156494140625,1617.0008544921875,1565.2449951171875,1603.080078125,8124465373,-0.0030874209336673175,1607.618443080357,0.02390854794866958
2023-01-28,1572.43505859375,1604.7041015625,1565.39013671875,1598.1253662109375,5803653357,-0.01609444108957936,1599.8065708705358,0.023583131854427074
2023-01-29,1646.1556396484375,1653.7249755859375,1568.98486328125,1572.6295166015625,8801292300,0.046883068812149764,1602.3456508091517,0.030707928531400485
2023-01-30,1567.3265380859375,1646.651611328125,1546.6607666015625,1646.147705078125,9180418120,-0.04788678522483769,1593.6421421595983,0.03608180144468994
2023-01-31,1586.535400390625,1598.517578125,1563.8043212890625,1567.419921875,6585191019,0.012255813857491304,1597.9180210658483,0.03194202097376085
2023-02-01,1641.792724609375,1644.7275390625,1566.8572998046875,1586.4881591796875,8116969489,0.034828926102213,1602.2154017857142,0.03184621795013556
2023-02-02,1643.2415771484375,1704.4581298828125,1641.3226318359375,1641.365966796875,10558081069,0.0008824820072261819,1607.9490618024554,0.03165835177865427
2023-02-03,1664.74560546875,1670.6968994140625,1634.223388671875,1642.9046630859375,8169519805,0.013086346292204398,1617.4617919921875,0.03164773955277292
2023-02-04,1667.0592041015625,1690.099609375,1648.189208984375,1664.4722900390625,5843302512,0.0013897610693263118,1630.979527064732,0.030246562379281493
2023-02-05,1631.6458740234375,1671.770263671875,1616.391845703125,1667.16650390625,6926696531,-0.02124299484445158,1628.906703404018,0.02669345681142584
2023-02-06,1616.2470703125,1653.7154541015625,1611.319091796875,1631.645263671875,6919871886,-0.009437589342205732,1635.8953508649554,0.017950998535264023
2023-02-07,1672.0035400390625,1673.7978515625,1614.863037109375,1616.0096435546875,8030277434,0.03449749159686455,1648.1050851004463,0.021216294610357383
2023-02-08,1650.716796875,1688.5272216796875,1635.2650146484375,1671.9052734375,7806089579,-0.01273127876485547,1649.3799525669642,0.01853161898815307
2023-02-09,1546.438232421875,1655.23486328125,1537.1822509765625,1651.082275390625,10524969124,-0.0631716867790626,1635.5509033203125,0.030501944538910326
2023-02-10,1514.869140625,1553.32568359375,1504.83447265625,1546.5965576171875,8397387897,-0.02041406577709526,1614.1399797712054,0.02920031866846315
2023-02-11,1539.9267578125,1541.334716796875,1510.14697265625,1514.94189453125,5064007416,0.01654111006391079,1595.9782017299108,0.030954931244587907
2023-02-12,1515.03369140625,1545.55419921875,1501.4620361328125,1539.7760009765625,5319698775,-0.016165097645040705,1579.3193184988838,0.03072949731578128
2023-02-13,1507.1658935546875,1524.7314453125,1470.02392578125,1514.9169921875,9363855114,-0.005193150420476522,1563.736293247768,0.030787163037437087
2023-02-14,1556.8751220703125,1562.0343017578125,1497.1944580078125,1506.9920654296875,9249575045,0.03298192238041198,1547.2893763950892,0.030429272063267086
2023-02-15,1673.7459716796875,1674.289794921875,1545.689697265625,1556.76513671875,10015035156,0.0750675811775845,1550.5792585100446,0.044039927361310134
2023-02-16,1640.067626953125,1732.8011474609375,1638.1455078125,1673.867431640625,12704861676,-0.020121538929091298,1563.9548863002233,0.035460992752389786
2023-02-17,1694.7833251953125,1716.7818603515625,1636.173828125,1640.2801513671875,9802443159,0.03336185492779764,1589.6569126674108,0.03382489838950961
2023-02-18,1691.8194580078125,1705.30908203125,1683.670166015625,1694.7418212890625,5491437195,-0.0017488177653378623,1611.3558698381696,0.034532724388132194
2023-02-19,1681.4361572265625,1718.9476318359375,1673.9066162109375,1691.68017578125,6959144003,-0.006137357465717308,1635.127650669643,0.03325594104299219
2023-02-20,1702.6751708984375,1716.4893798828125,1659.2950439453125,1682.3370361328125,7703604237,0.0126314719596059,1663.0575474330358,0.032072454127412386
2023-02-21,1658.036376953125,1714.28564453125,1642.396728515625,1702.7978515625,8721608198,-0.026216858452078218,1677.5091552734375,0.03512472579805307
2023-02-22,1643.231689453125,1663.996826171875,1604.8033447265625,1658.1409912109375,9189387004,-0.008929048666112882,1673.1499720982142,0.020179002769902227
2023-02-23,1651.0738525390625,1674.6015625,1632.566162109375,1643.298583984375,9013236167,0.004772402538407272,1674.7222900390625,0.018684111727142586
2023-02-24,1608.3731689453125,1661.09130859375,1583.1478271484375,1650.8951416015625,8909129423,-0.025862370437327087,1662.3779820033483,0.014607161347770762
2023-02-25,1594.9149169921875,1608.8651123046875,1567.6317138671875,1608.6583251953125,5657686235,-0.00836761779727413,1648.5344761439733,0.014396424227615551
2023-02-26,1640.817138671875,1645.2734375,1590.39306640625,1594.7611083984375,5727967432,0.028780357616977614,1642.7317592075892,0.020164876750414337
2023-02-27,1634.326416015625,1662.57568359375,1615.387939453125,1640.763671875,7239824677,-0.003955786725572508,1632.9676513671875,0.018914774050951638
2023-02-28,1605.8951416015625,1644.435791015625,1602.4281005859375,1634.50244140625,6323676957,-0.01739632556596371,1625.5189034598213,0.017564428718727397
2023-03-01,1663.4337158203125,1663.4337158203125,1601.548583984375,1606.0404052734375,7701847224,0.035829596047825873,1628.4049072265625,0.02296663400515646
2023-03-02,1647.3193359375,1672.0511474609375,1622.5999755859375,1663.549072265625,7080950926,-0.009687419299942324,1627.8685477120537,0.023320279113072575
2023-03-03,1569.1676025390625,1648.475341796875,1552.4515380859375,1647.5577392578125,9922240199,-0.04744176292568125,1622.2677525111608,0.028208392010349817
2023-03-04,1566.9239501953125,1575.63720703125,1551.73681640625,1569.278076171875,4389045367,-0.0014298360099453955,1618.26904296875,0.028117355699498428
2023-03-05,1564.46875,1584.2088623046875,1559.9541015625,1567.1793212890625,5020886238,-0.001566891740346743,1607.3621303013392,0.02467598089792777
2023-03-06,1567.398681640625,1579.456298828125,1557.363525390625,1564.3831787109375,5245153345,0.0018727965263767299,1597.801025390625,0.02487451466259277
2023-03-07,1561.93310546875,1579.1622314453125,1543.1275634765625,1567.4246826171875,6854058349,-0.0034870363462051746,1591.5207345145088,0.02433305423884631
2023-03-08,1534.0882568359375,1568.17529296875,1534.0882568359375,1561.9779052734375,7130327525,-0.017827171045494916,1573.0428118024554,0.017214909769913137
2023-03-09,1438.6607666015625,1544.1083984375,1423.2647705078125,1534.0316162109375,9457897583,-0.0622046937711358,1543.2344447544642,0.025709222933053836
2023-03-10,1429.1580810546875,1438.7601318359375,1378.525390625,1438.7601318359375,12665194936,-0.0066052302026157195,1523.2330845424108,0.022588968445833614
2023-03-11,1482.61669921875,1484.136962890625,1428.72314453125,1429.100830078125,14917080154,0.0374056718236595,1511.1891915457588,0.029596530851244283
2023-03-12,1590.29296875,1607.152587890625,1461.6109619140625,1482.431884765625,11480965122,0.07262583079496476,1514.8783656529017,0.042529314272363686
2023-03-13,1680.3089599609375,1699.9117431640625,1572.07470703125,1590.8311767578125,15711468959,0.05660340137307651,1531.0084054129463,0.047053851921141136
2023-03-14,1703.507080078125,1779.9178466796875,1665.90234375,1680.2952880859375,16159781303,0.013805865867504874,1551.2332589285713,0.0466227503400554
2023-03-15,1656.1805419921875,1721.0792236328125,1616.63037109375,1705.18994140625,12715339905,-0.027781826468116,1568.675013950893,0.04786917190848049
2023-03-16,1677.2154541015625,1693.1392822265625,1639.26171875,1656.33203125,9364980166,0.012700856927151394,1602.7542550223213,0.03522447722004443
2023-03-17,1792.485107421875,1799.343994140625,1667.1318359375,1677.2967529296875,12467445117,0.06872680134113085,1654.6581159319196,0.03627827795563579
2023-03-18,1761.65966796875,1840.3575439453125,1751.2628173828125,1793.5924072265625,10317822213,-0.017197040759496796,1694.5213971819196,0.040864093297332246
2023-03-19,1785.5765380859375,1843.8441162109375,1762.9632568359375,1762.9632568359375,9170565472,0.013576328363562151,1722.4190499441963,0.03525869557934644
2023-03-20,1735.3212890625,1807.7252197265625,1728.103759765625,1785.416259765625,10978325507,-0.028145110529571027,1730.2779541015625,0.03400341404940275
2023-03-21,1806.7607421875,1836.28857421875,1725.00732421875,1735.617919921875,10758627746,0.04116785380048826,1745.0284772600446,0.03664161421056666
2023-03-22,1737.717041015625,1821.458251953125,1717.76513671875,1804.95703125,12484103560,-0.03821408090164813,1756.676548549107,0.038549771446482486
2023-03-23,1816.4051513671875,1853.8880615234375,1732.524658203125,1737.140869140625,11012966854,0.04528246457522944,1776.560791015625,0.04115873174579412
2023-03-24,1752.0447998046875,1819.935302734375,1730.3494873046875,1815.81982421875,10913669383,-0.035432817130064076,1770.7836042131696,0.03578158025362307
2023-03-25,1743.7647705078125,1762.674560546875,1716.6519775390625,1751.469482421875,6614309912,-0.0047259232742210555,1768.2271902901787,0.035246449094228006
2023-03-26,1775.6767578125,1797.8802490234375,1741.182861328125,1743.8421630859375,6990313307,0.01830062623377482,1766.8129359654017,0.03561376788243267
2023-03-27,1715.4608154296875,1781.3792724609375,1690.5166015625,1775.4813232421875,8585750760,-0.03391154505901961,1763.9757254464287,0.036423954940856075
2023-03-28,1772.78564453125,1791.1109619140625,1702.564697265625,1715.327392578125,8346890042,0.033416577391890856,1759.1221400669642,0.035016270837091835
2023-03-29,1793.0018310546875,1825.6009521484375,1772.89990234375,1772.89990234375,9136176952,0.011403627159211949,1767.0199672154017,0.031335663898431135
2023-03-30,1792.7371826171875,1827.2802734375,1766.2489013671875,1793.345947265625,9724496987,-0.00014760076254038967,1763.6388288225446,0.0257936191754629
2023-03-31,1822.0220947265625,1844.6773681640625,1783.1422119140625,1793.6201171875,9149379763,0.016335306922469428,1773.6355852399554,0.021542629974902628
2023-04-01,1813.860595703125,1840.173095703125,1811.1185302734375,1821.704345703125,5556443606,-0.004479363366151845,1783.6492745535713,0.021522724412558366
2023-04-02,1795.7081298828125,1824.328857421875,1774.8724365234375,1821.192138671875,6199721188,-0.010007641085160612,1786.5108991350446,0.021451772059338327
2023-04-03,1810.297119140625,1839.1578369140625,1765.5189208984375,1794.9224853515625,9643826401,0.008124365544173617,1800.0589425223213,0.01456714770771347
2023-04-04,1871.005126953125,1886.5946044921875,1802.9554443359375,1810.14208984375,10398322335,0.03353483092395293,1814.090297154018,0.014601824727034125
2023-04-05,1909.114013671875,1937.49755859375,1865.94189453125,1870.965087890625,10319231689,0.020368135912491647,1830.6777518136162,0.01534249242538519
2023-04-06,1872.922607421875,1909.271728515625,1857.0850830078125,1909.1435546875,8263191830,-0.018957173846517184,1842.1328125,0.018545651441393463
2023-04-07,1865.6361083984375,1882.2991943359375,1845.993896484375,1872.734130859375,8356130492,-0.00389044320067633,1848.3633858816963,0.018316997772623196
2023-04-08,1849.4981689453125,1879.1077880859375,1848.87548828125,1864.6790771484375,5016362733,-0.008650100295806706,1853.4544677734375,0.018684992984840474
2023-04-09,1859.3878173828125,1873.057373046875,1828.7000732421875,1849.6722412109375,6361497715,0.005347206395527104,1862.5515659877233,0.017792788594859308
2023-04-10,1911.20751953125,1917.3001708984375,1848.1641845703125,1859.7412109375,8380134275,0.02786922752961596,1876.9673374720983,0.019799407178631438
2023-04-11,1892.189697265625,1936.728271484375,1886.5341796875,1911.3758544921875,8877222956,-0.009950684094362172,1879.9937046595983,0.017065837302489506
2023-04-12,1920.68212890625,1929.8812255859375,1860.036865234375,1891.94970703125,11010714187,0.015057915008098277,1881.6462925502233,0.016195273891878748
2023-04-13,2012.6346435546875,2022.150146484375,1901.8603515625,1917.6983642578125,12546950499,0.04787492592582243,1901.6051548549108,0.021361722513436994
2023-04-14,2101.635498046875,2126.316650390625,2011.5032958984375,2013.9306640625,16298099411,0.044221068526871576,1935.3193533761162,0.023576535868767158
2023-04-15,2092.466796875,2111.075439453125,2076.5107421875,2101.616455078125,8036468153,-0.004362650507376609,1970.0291573660713,0.022831026954068828
2023-04-16,2120.005859375,2137.445068359375,2076.83203125,2092.281005859375,7898126856,0.013161051129283452,2007.2603062220983,0.02229352449798994
2023-04-17,2076.242919921875,2120.113525390625,2063.03857421875,2120.001220703125,9648882546,-0.020642838914618267,2030.8367919921875,0.02630198500078078
2023-04-18,2104.537353515625,2121.531494140625,2057.65380859375,2075.855224609375,9134015143,0.013627708647316883,2061.1721714564733,0.0244370265108148
2023-04-19,1936.4034423828125,2104.857177734375,1928.5828857421875,2103.9462890625,13779745451,-0.07989115082796949,2063.4180733816966,0.04360092156190996
2023-04-20,1943.09765625,1979.5733642578125,1918.1328125,1936.41796875,11324135406,0.0034570346864029045,2053.484218052455,0.03877683066433111
2023-04-21,1849.9998779296875,1955.649169921875,1827.7889404296875,1943.409912109375,12044274581,-0.04791204292839435,2017.5362723214287,0.0349958247144921
2023-04-22,1874.2286376953125,1886.7816162109375,1845.8492431640625,1849.2864990234375,6970642726,0.013096627764505042,1986.3593924386162,0.03667100863802348
2023-04-23,1862.06201171875,1882.229736328125,1838.992431640625,1874.1715087890625,6607451862,-0.006491537762182253,1949.5102713448662,0.03486203691691471
2023-04-24,1842.7574462890625,1888.1937255859375,1811.7921142578125,1862.0853271484375,8438191338,-0.010367305335802768,1916.1552036830358,0.034939728358674885
2023-04-25,1866.753662109375,1877.4849853515625,1805.3228759765625,1842.204345703125,8677255481,0.013021906854120191,1882.1861049107142,0.034853732146831344
2023-04-26,1866.564208984375,1962.567626953125,1792.4638671875,1866.14892578125,14356524696,-0.00010148801571707722,1872.2090715680804,0.020897597204316793
2023-04-27,1908.786376953125,1936.9451904296875,1863.14794921875,1866.6932373046875,14008145806,0.022620260136523074,1867.3074602399554,0.023312294680402034
2023-04-28,1892.5128173828125,1923.19921875,1876.2918701171875,1909.2730712890625,7691759733,-0.00852560546680392,1873.3807373046875,0.01289601368964648
2023-04-29,1908.9169921875,1916.9737548828125,1887.990478515625,1892.5650634765625,4796651246,0.008667933265241068,1878.336216517857,0.012437010085821189
2023-04-30,1876.92431640625,1938.41796875,1876.92431640625,1908.7413330078125,6539641957,-0.016759595054255505,1880.4594029017858,0.014183220437772566
2023-05-01,1831.954833984375,1886.2064208984375,1809.1932373046875,1868.89111328125,8625783201,-0.023959134648528724,1878.9161725725446,0.016735078219626966
2023-05-02,1870.789306640625,1879.759521484375,1824.3270263671875,1831.7265625,7536785767,0.02119837887694409,1879.4926932198662,0.018084946429822554
2023-05-03,1904.65185546875,1915.504150390625,1845.871826171875,1870.6871337890625,8306390869,0.018100674783592785,1884.9337855747767,0.019262877808140736
2023-05-04,1877.7041015625,1915.8717041015625,1868.6297607421875,1905.1689453125,6578438233,-0.014148388236346676,1880.4934605189733,0.018008944186787654
2023-05-05,1995.0609130859375,1998.41357421875,1876.9466552734375,1877.8331298828125,9498261360,0.06250016252602375,1895.1431884765625,0.029921805785895105
2023-05-06,1900.2218017578125,2017.5594482421875,1870.6055908203125,1995.4791259765625,9623243037,-0.04753695022846638,1893.9010184151787,0.03651046980640748
2023-05-07,1873.076416015625,1933.9984130859375,1873.076416015625,1899.9176025390625,6883942236,-0.014285377484394957,1893.351318359375,0.036333702127766924
2023-05-08,1849.042724609375,1886.162109375,1818.4505615234375,1872.47509765625,9895102899,-0.012831132355707098,1895.792445591518,0.03532655144701046
2023-05-09,1848.6031494140625,1860.66748046875,1832.906982421875,1849.06103515625,6129516088,-0.0002377312267921594,1892.6229945591517,0.03428419596522699
2023-05-10,1842.4014892578125,1886.80029296875,1795.6688232421875,1848.2135009765625,9945549603,-0.0033547817757508813,1883.7300851004463,0.033212858269747216
2023-05-11,1796.4906005859375,1842.4920654296875,1774.132568359375,1842.4920654296875,8353828312,-0.02491904665707234,1872.1281563895088,0.03398720087261625
2023-05-12,1808.019775390625,1812.4249267578125,1742.40380859375,1795.1766357421875,9047198660,0.006417609310578776,1845.407993861607,0.01809592792636504
2023-05-13,1796.1148681640625,1816.0584716796875,1788.4755859375,1808.375,4647630864,-0.006584500561665818,1830.5355747767858,0.010334375562688595
2023-05-14,1800.5009765625,1823.49072265625,1793.228759765625,1796.10791015625,4711210241,0.0024419977119396474,1820.1676548549108,0.01056230062891174
2023-05-15,1817.5499267578125,1845.6954345703125,1787.536376953125,1800.3712158203125,6748889346,0.009469003581360047,1815.6686837332588,0.011345136933436663
2023-05-16,1824.1214599609375,1830.3515625,1797.84375,1816.82421875,5595959668,0.003615599828306948,1812.1712995256696,0.011558747229778935
2023-05-17,1821.859619140625,1835.5545654296875,1786.6719970703125,1824.068359375,6352161579,-0.0012399617404649232,1809.2367466517858,0.011540327836362801
2023-05-18,1801.728515625,1831.4503173828125,1774.195068359375,1822.0682373046875,5673124255,-0.011049755592651422,1809.9850202287946,0.0072517526239334355
2023-05-19,1812.5894775390625,1826.1942138671875,1797.4344482421875,1800.994384765625,4796110259,0.0060280790473556944,1810.6378348214287,0.007199531478354731
2023-05-20,1820.47802734375,1829.0096435546875,1808.0467529296875,1812.76611328125,2951655969,0.004352088491321071,1814.1182861328125,0.006596991783079981
2023-05-21,1804.5313720703125,1827.9219970703125,1799.9468994140625,1820.1380615234375,3386768865,-0.00875959777262747,1814.694056919643,0.0077195063479040755
2023-05-22,1817.5347900390625,1826.696533203125,1793.2239990234375,1804.8419189453125,4534841049,0.0072059805498594365,1814.69189453125,0.00731025497229352
2023-05-23,1854.380615234375,1869.343994140625,1816.2879638671875,1817.7811279296875,6820047160,0.020272418111193735,1819.0146309988838,0.01063152734741949
2023-05-24,1800.0999755859375,1854.2996826171875,1780.925537109375,1854.2996826171875,7101647419,-0.02927157413235626,1815.9061104910713,0.016102984088843118
2023-05-25,1805.9537353515625,1815.9947509765625,1763.3651123046875,1799.84521484375,6321689859,0.0032519081412238915,1816.5097133091517,0.015604227144524455
2023-05-26,1828.689697265625,1837.8658447265625,1798.406005859375,1805.7254638671875,5451414258,0.012589448704585227,1818.8097446986608,0.01618221754591944
2023-05-27,1831.1182861328125,1836.1845703125,1817.4920654296875,1828.57568359375,3216737652,0.001328048640957924,1820.3297816685267,0.01612984436379637
2023-05-28,1910.9141845703125,1915.7232666015625,1825.46728515625,1831.0986328125,6359610561,0.04357768640169235,1835.5273263113838,0.02195852360844478
2023-05-29,1893.078125,1926.4217529296875,1879.0775146484375,1909.2974853515625,5884674572,-0.009333783648857619,1846.3192313058037,0.022977411974420176
2023-05-30,1901.026611328125,1916.574951171875,1883.9346923828125,1893.0931396484375,5363439784,0.004198710144688311,1852.982945033482,0.022106953379521226
2023-05-31,1874.1304931640625,1907.035400390625,1852.0947265625,1901.0982666015625,5984512548,-0.014148207081263298,1863.5587332589287,0.018837733548358413
2023-06-01,1862.201416015625,1887.705322265625,1846.2274169921875,1873.9146728515625,5640027197,-0.006365126223573547,1871.5941162109375,0.019407128380741812
2023-06-02,1907.256591796875,1910.2784423828125,1851.9647216796875,1862.4237060546875,6097746022,0.024194577124557304,1882.8179582868304,0.020663443145523343
2023-06-03,1892.4124755859375,1908.822265625,1885.4854736328125,1907.4207763671875,3472274607,-0.007782967574883282,1891.5742710658483,0.02129918318359513
2023-06-04,1890.5135498046875,1912.2056884765625,1885.65185546875,1892.398193359375,3747042696,-0.0010034418002142775,1888.6598946707588,0.01276331961078572
2023-06-05,1811.828369140625,1890.6405029296875,1780.2115478515625,1890.4176025390625,9246593033,-0.041621061468822385,1877.0527866908483,0.01991321841595909
2023-06-06,1884.494873046875,1896.22265625,1801.4052734375,1810.5814208984375,8704411776,0.040106725970251,1874.6911097935267,0.026527495730432497
2023-06-07,1832.39599609375,1893.80908203125,1822.3031005859375,1884.3729248046875,7919894455,-0.027646069882318547,1868.729038783482,0.02809159365386207
2023-06-08,1846.3018798828125,1861.1361083984375,1830.1650390625,1832.5135498046875,4536041931,0.0075889075389308225,1866.4576764787946,0.028296911795058707
2023-06-09,1840.2252197265625,1854.824951171875,1828.5445556640625,1846.077880859375,4610831509,-0.003291260341800495,1856.8817661830358,0.02605577493204884
2023-06-10,1752.384765625,1844.78564453125,1721.443115234375,1840.3919677734375,10788500406,-0.04773353454780638,1836.8778076171875,0.030765897483423763
2023-06-11,1753.415283203125,1776.84716796875,1741.1104736328125,1752.527587890625,4559112981,0.0005880658165602348,1817.2923409598213,0.030853651275688586
2023-06-12,1742.5286865234375,1757.6597900390625,1722.9063720703125,1753.075439453125,6031384958,-0.006208795362955821,1807.3923863002233,0.02759027716343958
2023-06-13,1739.03759765625,1761.9554443359375,1727.7498779296875,1742.39013671875,6214125203,-0.0020034613456795247,1786.6127755301338,0.019447266833402824
2023-06-14,1650.519287109375,1749.1632080078125,1637.187744140625,1739.2501220703125,7462905534,-0.050900745714856144,1760.6303885323662,0.024136986603978117
2023-06-15,1665.519775390625,1676.4066162109375,1624.1383056640625,1650.4981689453125,7328564880,0.00908834473998854,1734.8043736049108,0.024371879765066586
2023-06-16,1716.6688232421875,1727.28955078125,1653.1708984375,1665.41064453125,6281023479,0.030710561716126294,1717.1534598214287,0.02974065595994825
2023-06-17,1727.2041015625,1766.76318359375,1714.15087890625,1716.6717529296875,4875187477,0.006137047622508218,1713.5562220982142,0.02474723669108318
2023-06-18,1720.5775146484375,1746.5091552734375,1718.1114501953125,1727.1937255859375,3820038842,-0.003836597486115201,1708.8651123046875,0.024732624661021958
2023-06-19,1737.659423828125,1745.1346435546875,1705.8134765625,1720.50537109375,5210480121,0.009928009075009792,1708.1695033482142,0.025071480294274497
2023-06-20,1792.1199951171875,1793.31396484375,1715.342529296875,1736.8797607421875,7171072578,0.03134133797581806,1715.7527029854912,0.02768650308714944
2023-06-21,1891.0072021484375,1898.6689453125,1788.4892578125,1791.9949951171875,11731457711,0.05517889834423939,1750.108119419643,0.020254504300222655
2023-06-22,1872.9429931640625,1932.0655517578125,1867.8765869140625,1889.79443359375,8477657143,-0.00955269179506646,1779.7400076729912,0.022943373676460602
2023-06-23,1892.862060546875,1932.5316162109375,1865.1920166015625,1872.540771484375,8290615074,0.010635170133588723,1804.9104701450892,0.022205657515885168
2023-06-24,1876.0596923828125,1905.2274169921875,1867.8115234375,1893.77197265625,5026191704,-0.008876699741769856,1826.1755545479912,0.023789766722888697
2023-06-25,1900.506103515625,1929.0791015625,1870.85009765625,1875.84912109375,6937581709,0.01303072137420247,1851.879638671875,0.022735432784829313
2023-06-26,1859.432861328125,1905.3604736328125,1840.215087890625,1900.05029296875,8619702292,-0.021611739163331922,1869.275844029018,0.026596086411336674
2023-06-27,1889.703369140625,1911.3111572265625,1856.83837890625,1859.34619140625,7686042202,0.016279430380120807,1883.2163260323662,0.02515387535328972
2023-06-28,1827.97119140625,1890.208984375,1822.102783203125,1889.906494140625,7135265016,-0.03266765501002877,1874.211181640625,0.01870325215066567
2023-06-29,1852.227294921875,1876.5302734375,1828.059326171875,1828.059326171875,5677228612,0.013269412357076016,1871.2517961774554,0.01967622842925849
2023-06-30,1933.18896484375,1945.2742919921875,1831.281005859375,1852.0084228515625,12895131248,0.04371043993566137,1877.0127825055804,0.026006679261894747
2023-07-01,1924.56591796875,1942.7015380859375,1910.8486328125,1933.3238525390625,5136809625,-0.004460529742211228,1883.9422433035713,0.02571383912890139
2023-07-02,1937.4383544921875,1958.1607666015625,1895.906982421875,1924.4481201171875,6343966490,0.0066884882472737495,1889.2182791573662,0.02545034910630156
2023-07-03,1955.38916015625,1974.7750244140625,1934.6888427734375,1937.8837890625,7858509087,0.009265226747700916,1902.9263218470983,0.023028262377763856
2023-07-04,1936.633544921875,1966.3653564453125,1932.611328125,1955.524169921875,5683423776,-0.009591755757138554,1909.6306326729912,0.023445571946859842
2023-07-05,1910.5880126953125,1942.4324951171875,1897.124755859375,1936.7967529296875,6034088075,-0.013448869712526457,1921.4330357142858,0.019214397190848585
2023-07-06,1848.636474609375,1956.0123291015625,1847.8507080078125,1910.4171142578125,8905008384,-0.0324253777759973,1920.9200613839287,0.023753415021245734
2023-07-07,1870.6025390625,1876.9632568359375,1832.025390625,1847.5125732421875,6468885150,0.01188230609685803,1911.9791434151787,0.015646247699697673
2023-07-08,1865.53955078125,1872.5015869140625,1844.6417236328125,1871.0020751953125,4299007854,-0.0027066082588487195,1903.5468052455358,0.015662596385182647
2023-07-09,1863.009765625,1878.6689453125,1857.748291015625,1865.594970703125,4392863807,-0.0013560608539179286,1892.9141496930804,0.015000181666819318
2023-07-10,1880.556396484375,1905.4608154296875,1848.7772216796875,1863.240234375,6336468234,0.009418432035694924,1882.2237548828125,0.015025377630985768
2023-07-11,1878.3360595703125,1889.3817138671875,1863.2186279296875,1880.6549072265625,4905225892,-0.0011806808443571848,1873.895542689732,0.014976233808143035
2023-07-12,1872.11376953125,1901.1484375,1865.7100830078125,1878.322021484375,6379007000,-0.0033126606963430616,1868.3992222377233,0.014419321358773673
2023-07-13,2006.511474609375,2011.88525390625,1864.49609375,1872.040283203125,11114853969,0.07178928293005193,1890.9527936662946,0.027031686879396055
2023-07-14,1939.3470458984375,2026.2049560546875,1901.3612060546875,2005.6861572265625,10627449471,-0.03347323429785665,1900.7734375,0.03205494981811538
2023-07-15,1931.466552734375,1946.0191650390625,1928.1873779296875,1939.129638671875,4380084234,-0.004063477540406812,1910.1915806361608,0.03211757188911957
2023-07-16,1923.681884765625,1942.0308837890625,1917.2940673828125,1931.64501953125,4329306566,-0.0040304440984128,1918.8590262276787,0.03222709575924532
2023-07-17,1911.6461181640625,1936.1776123046875,1875.120361328125,1923.6943359375,6678090758,-0.0062566304215256885,1923.3004150390625,0.032414661386013136
2023-07-18,1897.5992431640625,1916.4683837890625,1878.718505859375,1911.697021484375,5814708445,-0.007348051957174251,1926.0522984095983,0.032623457097230316
2023-07-19,1889.0079345703125,1919.264404296875,1883.067138671875,1897.7972412109375,6018487800,-0.004527462068031229,1928.4657505580358,0.03265902375312317
2023-07-20,1890.9691162109375,1919.264404296875,1879.734375,1889.07373046875,7366830684,0.0010382072011101418,1911.9596993582588,0.011374970333820523
2023-07-21,1892.080078125,1905.38623046875,1885.2962646484375,1891.581298828125,4668158260,0.0005875092853386832,1905.207275390625,0.00319798607219724
2023-07-22,1864.912353515625,1897.0880126953125,1855.0927734375,1891.955078125,4101305643,-0.014358654754347167,1895.6995326450892,0.00522045439507618
2023-07-23,1889.191650390625,1904.4832763671875,1859.56884765625,1866.09423828125,4480604100,0.013019001578937539,1890.7723563058037,0.008614214013362724
2023-07-24,1850.0020751953125,1889.761962890625,1836.8524169921875,1888.8095703125,6344373569,-0.020744097184215993,1881.966064453125,0.011049483921753577
2023-07-25,1857.741943359375,1867.3232421875,1845.9815673828125,1850.0279541015625,4163381707,0.00418370782813593,1876.2721644810267,0.011427969785673042
2023-07-26,1872.159912109375,1886.97412109375,1849.4368896484375,1857.696533203125,5781548155,0.007761018047494739,1873.8653041294642,0.012074691278580666
2023-07-27,1860.357177734375,1885.591552734375,1855.321533203125,1872.0863037109375,4291339248,-0.006304340937255626,1869.4921700613838,0.012164800157236198
2023-07-28,1874.744873046875,1881.457275390625,1857.0489501953125,1860.7025146484375,3800973336,0.007733834924120275,1867.0157121930804,0.012730803233725697
2023-07-29,1881.06884765625,1885.529296875,1870.3338623046875,1874.5604248046875,2497302218,0.0033732454481110175,1869.3237827845983,0.011378748191314882
2023-07-30,1861.643798828125,1884.1441650390625,1851.72802734375,1880.87158203125,4003005547,-0.010326601736203367,1865.3883754185267,0.010772812428533755
2023-07-31,1856.162353515625,1875.62939453125,1851.9154052734375,1861.7552490234375,4391613314,-0.002944411447533879,1866.2684151785713,0.007097584628046156
2023-08-01,1871.7921142578125,1873.0299072265625,1817.9207763671875,1856.190185546875,7634860636,0.008420470716144157,1868.2755824497767,0.007625424518942826
2023-08-02,1839.0897216796875,1877.511474609375,1822.3482666015625,1873.4681396484375,6448512422,-0.017471166978973995,1863.55126953125,0.009648359666737147
2023-08-03,1835.136474609375,1856.4075927734375,1825.3477783203125,1838.89794921875,4710581074,-0.0021495672689105794,1859.9483119419642,0.009502204629860709
2023-08-04,1827.712890625,1847.9122314453125,1817.413818359375,1834.8905029296875,4861242484,-0.00404524899760117,1853.229457310268,0.008500055403064304
2023-08-05,1834.9879150390625,1836.46484375,1824.8079833984375,1827.798583984375,2866049749,0.0039803978247232585,1846.6464669363838,0.008585641394592693
2023-08-06,1827.4620361328125,1836.2489013671875,1824.9866943359375,1834.84521484375,2963395076,-0.004101323417211589,1841.7633579799108,0.008068110970943928
2023-08-07,1826.9388427734375,1842.5225830078125,1804.7166748046875,1827.239501953125,5837881974,-0.00028629506333388566,1837.5885707310267,0.008112499781025673
2023-08-08,1855.807373046875,1873.84716796875,1824.4300537109375,1826.9310302734375,5812855406,0.015801585470487156,1835.3050362723213,0.00999073407865706
2023-08-09,1854.297607421875,1869.736572265625,1845.48974609375,1855.7794189453125,5870081833,-0.000813535740253668,1837.4775913783483,0.0070004350992050315
2023-08-10,1850.75341796875,1863.3109130859375,1845.4422607421875,1854.3482666015625,3760304518,-0.0019113379853046286,1839.7085832868304,0.0069820032593983575
2023-08-11,1847.1243896484375,1855.0660400390625,1839.5692138671875,1850.74169921875,3353025102,-0.0019608383726750223,1842.481654575893,0.006760353192288451
2023-08-12,1848.889892578125,1852.281005859375,1845.71923828125,1847.1719970703125,2291124840,0.0009558116061818556,1844.4676513671875,0.006673722795393406
2023-08-13,1839.2801513671875,1859.9163818359375,1834.8043212890625,1849.0538330078125,3054625661,-0.005197573554549306,1846.1559535435267,0.006827157190936869
2023-08-14,1844.185791015625,1853.8363037109375,1834.8004150390625,1839.323486328125,4083364724,0.0026671519533285615,1848.6198032924108,0.006829921779041948
2023-08-15,1826.9327392578125,1845.547607421875,1816.3250732421875,1844.1641845703125,4483923893,-0.009355376145865901,1844.4948556082588,0.003997693724461624
2023-08-16,1805.6590576171875,1829.3612060546875,1798.9666748046875,1827.036376953125,4976573383,-0.011644479943617059,1837.5464913504463,0.005255779039540581
2023-08-17,1684.9334716796875,1807.71484375,1551.7132568359375,1805.5673828125,14208462072,-0.06685956876976196,1813.8579275948662,0.024286199327094252
2023-08-18,1660.945068359375,1698.124267578125,1644.930908203125,1682.0384521484375,9645084584,-0.014237003254733094,1787.2608816964287,0.023789597765348027
2023-08-19,1669.471923828125,1693.2281494140625,1654.0758056640625,1660.8443603515625,4871231360,0.005133737190461396,1761.6297433035713,0.024298042676361944
2023-08-20,1684.85205078125,1692.3287353515625,1662.9014892578125,1669.5877685546875,4105056995,0.009212569995102449,1739.5685860770088,0.025755882096347243
2023-08-21,1667.26904296875,1685.0826416015625,1651.9598388671875,1685.0223388671875,5077248383,-0.010435935786971329,1714.2947649274554,0.024963079736602778
2023-08-22,1633.892578125,1668.638671875,1596.384033203125,1667.279296875,7244623133,-0.020018643652328416,1686.7175990513392,0.024955871655218658
2023-08-23,1679.2744140625,1696.593994140625,1629.5810546875,1634.4017333984375,7191868448,0.027775287399602888,1668.6626499720983,0.02993494256081738
2023-08-24,1659.944580078125,1682.48974609375,1641.6270751953125,1679.248291015625,5104531920,-0.011510825045927042,1665.092808314732,0.016828622999432073
2023-08-25,1652.93505859375,1671.970703125,1635.9674072265625,1660.2698974609375,5396997823,-0.004222744282248891,1663.948521205357,0.016022465460188363
2023-08-26,1646.3067626953125,1654.7777099609375,1643.712646484375,1652.92724609375,2423247747,-0.004010015919243992,1660.6392124720983,0.01585072794697176
2023-08-27,1657.5130615234375,1659.26708984375,1645.90283203125,1646.27197265625,2624065031,0.006806932390764242,1656.733642578125,0.015593961646680688
2023-08-28,1652.4573974609375,1659.3287353515625,1627.44677734375,1657.4398193359375,4855588534,-0.0030501503607176517,1654.6176932198662,0.015190922817212463
2023-08-29,1729.7257080078125,1742.6373291015625,1639.576171875,1652.274169921875,11304916729,0.046759638502996026,1668.308140345982,0.021174991124594728
2023-08-30,1705.1121826171875,1730.564697265625,1697.147216796875,1729.6766357421875,5023904190,-0.014229727451396501,1671.9992501395088,0.020703869312247845
2023-08-31,1645.63916015625,1720.011962890625,1634.8509521484375,1705.364501953125,6593153505,-0.03487924317662894,1669.9556187220983,0.024793833586517995
2023-09-01,1628.4912109375,1653.53173828125,1603.0341796875,1645.581298828125,6104510092,-0.01042023648557433,1666.4636404854912,0.025038577623034478
2023-09-02,1637.025390625,1644.0306396484375,1627.97607421875,1628.5596923828125,2943590996,0.0052405439035725365,1665.137730189732,0.02515008311707457
2023-09-03,1636.11767578125,1645.6451416015625,1626.0892333984375,1637.0435791015625,3151878318,-0.0005544903878390572,1662.0812465122767,0.02494479801619272
2023-09-04,1629.6552734375,1642.6531982421875,1618.523681640625,1635.7247314453125,3887968912,-0.003949839574139524,1658.8238002232142,0.024955887466849975
2023-09-05,1633.62939453125,1645.9483642578125,1610.1412353515625,1629.9110107421875,4417491902,0.0024386268424532176,1645.0957554408483,0.013682465477360855
2023-09-06,1632.2523193359375,1656.9327392578125,1611.147705078125,1633.912109375,4987397046,-0.0008429544668591138,1634.6872035435267,0.013610213875924568
2023-09-07,1647.5982666015625,1657.3037109375,1623.220458984375,1632.2628173828125,4907290296,0.009401700388986578,1634.967075892857,0.00641296020701306
2023-09-08,1636.1378173828125,1657.1363525390625,1617.7965087890625,1647.8076171875,4598495496,-0.006955851709160243,1636.0594482421875,0.00553088818126754
2023-09-09,1635.162353515625,1636.8707275390625,1629.660888671875,1636.0504150390625,2081625742,-0.0005961990834902897,1635.7933000837054,0.005156504758131708
2023-09-10,1616.828857421875,1635.43310546875,1604.04052734375,1635.211669921875,4339499949,-0.011212034116571123,1633.0377546037946,0.006651924883064995
2023-09-11,1551.6376953125,1618.3057861328125,1533.4267578125,1616.769775390625,7693700923,-0.04032038506124014,1621.8923863002233,0.016149785929264665
2023-09-12,1592.429443359375,1619.114013671875,1549.4937744140625,1551.497802734375,6813819740,0.02628947992827646,1616.0066789899554,0.020398154071691536
2023-09-13,1607.988525390625,1615.05029296875,1582.217529296875,1592.892333984375,4979469106,0.009770657090104162,1612.5404227120537,0.02101057701075022
2023-09-14,1626.974365234375,1640.522705078125,1607.7353515625,1608.0316162109375,5538958553,0.011807198586281986,1609.5941510881696,0.02124547029479015
2023-09-15,1641.640380859375,1652.1131591796875,1613.2486572265625,1626.8701171875,4348584771,0.009014288078772026,1610.3802315848213,0.02143144551975107
2023-09-16,1635.2216796875,1649.9886474609375,1632.577880859375,1641.4464111328125,2819575929,-0.003909931338625383,1610.388706752232,0.021500793074048015
2023-09-17,1622.896728515625,1635.512939453125,1616.779296875,1635.2010498046875,3032716258,-0.007537174515831024,1611.2555454799108,0.02121855909675652
2023-09-18,1637.3470458984375,1669.015380859375,1609.9573974609375,1623.0819091796875,5916674789,0.008904027674040194,1623.4997384207588,0.011081794523218653
2023-09-19,1643.544677734375,1659.53173828125,1628.4132080078125,1637.31201171875,4405868861,0.0037851668963293505,1630.8019147600446,0.007495162628880433
2023-09-20,1622.890625,1649.619140625,1610.4207763671875,1643.495361328125,5156431986,-0.012566772911124402,1632.9307861328125,0.009411098853992451
2023-09-21,1584.3070068359375,1625.20458984375,1573.3057861328125,1622.591796875,5191732312,-0.02377462631781635,1626.83544921875,0.012061755890980116
2023-09-22,1593.268310546875,1601.5377197265625,1579.101318359375,1584.0025634765625,3460791634,0.005656292418244391,1619.9251534598213,0.011525438715575048
2023-09-23,1593.8577880859375,1598.001708984375,1588.3289794921875,1593.213134765625,2101436678,0.00036998008129596194,1614.0160260881696,0.01165654895730067
2023-09-24,1580.8533935546875,1600.207275390625,1576.7833251953125,1593.82568359375,3086456944,-0.008159068286052618,1608.0098353794642,0.011693914850024259
2023-09-25,1588.3228759765625,1595.8441162109375,1565.0255126953125,1580.7474365234375,4394930984,0.0047249684583838825,1601.006382533482,0.011032126002005278
2023-09-26,1593.417236328125,1598.0977783203125,1580.16552734375,1588.023193359375,3544861160,0.0032073833529786544,1593.8453194754463,0.01096367073896404
2023-09-27,1597.4912109375,1631.9107666015625,1585.368896484375,1593.1082763671875,5533036096,0.0025567531946391053,1590.216831752232,0.010560324803006598
2023-09-28,1652.8826904296875,1666.024169921875,1597.294677734375,1597.6719970703125,6658092168,0.03467404334555346,1600.0133579799108,0.013389199232434885
2023-09-29,1667.94384765625,1687.28125,1648.656494140625,1652.9998779296875,5529687537,0.009112054541902781,1610.6812918526787,0.01343172434858122
2023-09-30,1671.161865234375,1692.5311279296875,1666.5638427734375,1667.83447265625,3155292192,0.001929332083119517,1621.7247314453125,0.01332287796515816
2023-10-01,1733.8104248046875,1750.595703125,1670.0821533203125,1671.1614990234375,5054880180,0.037488026069531166,1643.5757359095983,0.015702975182697993
2023-10-02,1663.6275634765625,1743.5635986328125,1646.07763671875,1732.9840087890625,8420552922,-0.04047897066718298,1654.3335484095983,0.02586466874850396
2023-10-03,1656.6856689453125,1670.3563232421875,1644.4964599609375,1662.88720703125,4742827302,-0.00417274556135816,1663.3718959263392,0.026189926952694228
2023-10-04,1647.838134765625,1657.2535400390625,1629.4266357421875,1656.7359619140625,5127524863,-0.005340502634588518,1670.5643136160713,0.02652452831227807
2023-10-05,1611.4764404296875,1654.3790283203125,1609.8499755859375,1647.7882080078125,5403759057,-0.022066302247040315,1664.649135044643,0.02444182574157408
2023-10-06,1645.83154296875,1659.60986328125,1611.36572265625,1611.36572265625,4941208729,0.021319022529365572,1661.490234375,0.025873614929026026
2023-10-07,1634.51123046875,1648.1837158203125,1631.158203125,1645.8109130859375,2578994988,-0.006878172039150754,1656.254429408482,0.02588653936441753
2023-10-08,1633.548583984375,1641.182373046875,1618.189208984375,1634.6573486328125,3315554175,-0.0005889506700414993,1641.9313092912946,0.019103040040412432
2023-10-09,1579.806640625,1635.4478759765625,1553.0069580078125,1633.454833984375,7020801716,-0.032898895010697204,1629.9568917410713,0.017084100833929014
2023-10-10,1567.7130126953125,1593.7413330078125,1553.03173828125,1580.112060546875,5254966125,-0.007655131722261288,1617.2465122767858,0.017030776294954298
2023-10-11,1566.2547607421875,1578.2235107421875,1548.98046875,1567.6807861328125,5416504273,-0.000930177871406368,1605.5917445591517,0.017214489416956445
2023-10-12,1539.6124267578125,1566.878173828125,1523.237548828125,1566.35595703125,5003930677,-0.01701021740023334,1595.3254568917412,0.016576087545380813
2023-10-13,1552.0894775390625,1571.7506103515625,1537.921142578125,1539.432861328125,4575141511,0.008104020573232784,1581.9337332589287,0.013330847837974438
2023-10-14,1555.2568359375,1560.3250732421875,1545.73876953125,1552.2637939453125,2429214718,0.002040706057397923,1570.6116768973213,0.013899616137787842
2023-10-15,1558.06982421875,1565.7608642578125,1550.5545654296875,1555.0760498046875,2923337883,0.0018086969407560272,1559.8289969308037,0.01411160448021474
2023-10-16,1600.5343017578125,1628.15625,1555.9896240234375,1558.3134765625,8846928526,0.027254540765113022,1562.7900913783483,0.013773546922541473
2023-10-17,1565.4395751953125,1601.294677734375,1554.4029541015625,1600.6356201171875,5032686973,-0.02192688186935865,1562.4653145926338,0.01626273748963039
2023-10-18,1563.7498779296875,1584.7269287109375,1556.736328125,1565.3828125,4354138855,-0.0010793755903444335,1562.1074741908483,0.01626411345880289
2023-10-19,1567.45703125,1573.7376708984375,1543.5850830078125,1563.9581298828125,5035110867,0.0023706817647977108,1566.0852748325892,0.01445808947962337
2023-10-20,1604.6668701171875,1628.6090087890625,1562.3028564453125,1567.5709228515625,6747486127,0.023738984945261166,1573.5963309151787,0.016503511297346424
2023-10-21,1629.304443359375,1641.2418212890625,1593.447998046875,1604.822265625,4212179634,0.015353699699918621,1584.174560546875,0.016883584675418804
2023-10-22,1663.429931640625,1667.6666259765625,1623.9847412109375,1629.2977294921875,5248406817,0.020944819993793384,1599.2260044642858,0.017481503977018094
2023-10-23,1765.3826904296875,1794.0704345703125,1663.447998046875,1674.8492431640625,14362295879,0.061290684296216424,1622.7757742745537,0.025928277324986537
2023-10-24,1784.4375,1852.6844482421875,1758.6900634765625,1766.0146484375,15888690475,0.010793585817743923,1654.0611921037946,0.020716636605581717
2023-10-25,1787.3975830078125,1814.4847412109375,1762.1470947265625,1784.905029296875,9439066475,0.0016588325496480483,1686.0108642578125,0.020294558688154718
2023-10-26,1804.039306640625,1865.09521484375,1764.0130615234375,1787.48193359375,11196672635,0.009310588640725426,1719.8083321707588,0.019474069681577538
2023-10-27,1780.0452880859375,1804.1358642578125,1751.4400634765625,1803.794921875,7493399771,-0.013300163952285393,1744.8623918805804,0.023119561258409894
2023-10-28,1776.6181640625,1800.6053466796875,1773.4366455078125,1780.084228515625,4226112731,-0.0019253015900076997,1765.9072091238838,0.02399988621441611
2023-10-29,1795.5460205078125,1810.4886474609375,1766.052978515625,1776.56396484375,4358528382,0.01065386858481232,1784.7809361049108,0.023722965137913683
2023-10-30,1810.088623046875,1829.24951171875,1779.364501953125,1795.589111328125,7534051038,0.008099264721129096,1791.1674979073662,0.008890729257389417
2023-10-31,1816.458984375,1819.97265625,1784.567626953125,1810.131591796875,6477922747,0.0035193643267046326,1795.7419956752233,0.008318237933533233
2023-11-01,1847.0897216796875,1858.3128662109375,1786.4095458984375,1815.8720703125,10628825648,0.01686288408831138,1804.2694440569196,0.00987823008798647
2023-11-02,1800.6209716796875,1873.885009765625,1790.11474609375,1847.2598876953125,9004197724,-0.02515781959835861,1803.7811104910713,0.014657991893298306
2023-11-03,1832.795166015625,1835.072509765625,1779.635498046875,1800.91650390625,7622864055,0.01786838809609348,1811.3168073381696,0.01474141322213118
2023-11-04,1857.6986083984375,1867.2613525390625,1825.736572265625,1833.368896484375,4845080427,0.013587684453004512,1822.8997279575892,0.014819909237519873
2023-11-05,1894.15771484375,1911.608642578125,1848.6201171875,1857.3956298828125,8867152645,0.019625953467631962,1836.9871128627233,0.01560707454590833
2023-11-06,1899.83740234375,1914.5826416015625,1871.9730224609375,1894.027099609375,8104122602,0.002998529349214518,1849.8083670479912,0.015708009078377945
2023-11-07,1888.124267578125,1907.5614013671875,1852.7908935546875,1900.5997314453125,9203228152,-0.006165335386688842,1860.0462646484375,0.016477789984630346
2023-11-08,1889.3223876953125,1904.5462646484375,1874.545654296875,1887.1190185546875,6751627017,0.0006345557534326307,1866.0795026506696,0.015765122426304776
2023-11-09,2120.56103515625,2130.88525390625,1884.204345703125,1888.9403076171875,24709695029,0.12239237144858772,1911.7852260044642,0.044237843209500784
2023-11-10,2078.289794921875,2134.69140625,2068.13427734375,2121.0673828125,14740624457,-0.019933988946118864,1946.8558872767858,0.0473676240801954
2023-11-11,2052.7138671875,2089.530517578125,2035.0821533203125,2078.058349609375,10228351203,-0.012306237463546976,1974.7152099609375,0.04885043029391661
2023-11-12,2045.18701171875,2066.00341796875,2019.028076171875,2053.11865234375,7951011698,-0.003666782589169526,1996.2908238002233,0.049299552859410886
2023-11-13,2055.265380859375,2116.0107421875,2031.9542236328125,2045.3544921875,14322027970,0.004927847225156823,2018.4948207310267,0.04924624932838209
2023-11-14,1979.0526123046875,2065.06689453125,1939.2803955078125,2054.765380859375,13087862495,-0.03708171667973137,2031.484584263393,0.05245676922988624
2023-11-15,2060.408447265625,2061.99169921875,1968.774658203125,1979.47265625,12626326991,0.04110847506282078,2055.925449916295,0.053743424456393664
2023-11-16,1960.881591796875,2088.662353515625,1940.57421875,2059.9658203125,14651619483,-0.04830442993030459,2033.1141008649554,0.02937042256639665
2023-11-17,1961.28076171875,1990.050537109375,1910.4454345703125,1961.8675537109375,11881648738,0.0002035665608492998,2016.3985246930804,0.029307203387096324
2023-11-18,1963.2850341796875,1971.4622802734375,1921.0623779296875,1961.6712646484375,8064677046,0.0010219202166552588,2003.6229771205358,0.029404062767262963
2023-11-19,2013.2044677734375,2015.6339111328125,1944.90087890625,1963.1800537109375,7716048818,0.025426483024461932,1999.0540422712054,0.03174670643845813
2023-11-20,2022.2391357421875,2066.409912109375,1996.0443115234375,2011.8533935546875,12866464824,0.004487705105652884,1994.3360072544642,0.031731560379354457
2023-11-21,1937.0667724609375,2035.035888671875,1937.0667724609375,2022.21728515625,13653500841,-0.04211784935612506,1988.3380301339287,0.032704952824696175
2023-11-22,2064.42529296875,2089.51416015625,1933.1629638671875,1933.5831298828125,13372200584,0.06574813130783852,1988.911865234375,0.03892687030294453
2023-11-23,2062.210693359375,2088.031982421875,2041.4642333984375,2063.905517578125,7828437946,-0.0010727438851469984,2003.387451171875,0.03254150971253774
2023-11-24,2081.152099609375,2132.481201171875,2060.9990234375,2062.411865234375,12141148820,0.009185000500188556,2020.511928013393,0.032374641512919085
2023-11-25,2084.4130859375,2091.3427734375,2067.917236328125,2081.296142578125,5362623390,0.0015669139841998359,2037.8159354073662,0.032353034625185524
2023-11-26,2063.2861328125,2094.095947265625,2038.6004638671875,2084.177490234375,8054814154,-0.010135684364837805,2044.970458984375,0.03214100100798613
2023-11-27,2027.4173583984375,2070.606201171875,1988.120361328125,2062.390869140625,10574810069,-0.017384294811873313,2045.710205078125,0.033128179735637434
2023-11-28,2049.338134765625,2074.9541015625,1996.814697265625,2027.5172119140625,9910633038,0.010812167645888104,2061.7489711216517,0.02720314752652184
2023-11-29,2029.92919921875,2071.994384765625,2020.756591796875,2049.186767578125,8945151861,-0.009470831200383945,2056.820957728795,0.010493055488291709
2023-11-30,2052.55615234375,2054.4443359375,2022.4617919921875,2029.3583984375,8107789163,0.011146671092621574,2055.441737583705,0.011690424588600328
2023-12-01,2087.139892578125,2109.319091796875,2046.5570068359375,2052.0966796875,10866891430,0.016849107974407973,2056.297136579241,0.013041634489552745
2023-12-02,2165.7041015625,2182.81787109375,2087.407958984375,2087.66357421875,9130124831,0.03764204271297267,2067.910138811384,0.01921014103047127
2023-12-03,2193.691650390625,2213.17578125,2151.720947265625,2165.895751953125,8278465782,0.012923071442646705,2086.5394984654017,0.01799318002514973
2023-12-04,2243.2158203125,2273.06982421875,2193.00732421875,2193.663330078125,16149367134,0.022575720663866372,2117.367850167411,0.01418969967439706
2023-12-05,2293.841796875,2306.5703125,2191.17626953125,2243.092529296875,15383072559,0.02256848231190145,2152.296944754464,0.014355930585444569
2023-12-06,2231.661376953125,2310.713134765625,2225.0810546875,2293.628173828125,12790612571,-0.027107545082919904,2181.1158272879466,0.020053578305923997
2023-12-07,2357.57958984375,2380.729736328125,2225.050537109375,2233.2177734375,14766891042,0.05642353010676748,2224.690604073661,0.025592240297797608
2023-12-08,2358.73193359375,2387.514404296875,2340.92041015625,2357.169189453125,12543458699,0.0004887825441670657,2263.4894670758927,0.02668039414774992
2023-12-09,2341.17529296875,2401.760498046875,2331.666015625,2358.68603515625,10613312823,-0.007443253883560597,2288.5567801339284,0.026570557543190453
2023-12-10,2352.462646484375,2376.749755859375,2323.40576171875,2341.440185546875,7369608905,0.004821233826242777,2311.238351004464,0.026673976087032005
2023-12-11,2224.578857421875,2354.9140625,2160.358154296875,2352.49658203125,17989249470,-0.054361666168691425,2308.575927734375,0.03525811853541806
2023-12-12,2202.0380859375,2242.55126953125,2166.77001953125,2224.39111328125,11391132228,-0.010132601687358522,2295.461111886161,0.03380409452731277
2023-12-13,2260.648681640625,2283.09912109375,2150.75439453125,2202.600341796875,12576395493,0.02661652224701272,2299.6021554129466,0.034132872554588155
2023-12-14,2316.5791015625,2331.6015625,2239.3662109375,2260.736083984375,12608711052,0.02474087211166509,2293.744942801339,0.0271538355446328
2023-12-15,2219.33740234375,2316.892822265625,2214.26318359375,2316.1103515625,10259157898,-0.041976420815141524,2273.8314383370534,0.030937790767610798
2023-12-16,2226.926513671875,2260.809814453125,2213.55078125,2220.41552734375,6866555430,0.0034195392373013167,2257.510184151786,0.031255681966137414
2023-12-17,2196.481201171875,2244.366455078125,2195.76171875,2226.892578125,7410453853,-0.013671449108484612,2235.227120535714,0.03089945847235396
2023-12-18,2217.2734375,2222.019287109375,2120.12744140625,2195.341796875,10366536490,0.009466157195896718,2234.1834891183034,0.024059342549947575
2023-12-19,2177.87255859375,2253.348876953125,2139.723388671875,2218.240966796875,10619179629,-0.017769968394459656,2230.731270926339,0.024747142765046762
2023-12-20,2201.911376953125,2263.3291015625,2161.21875,2177.239501953125,12652290807,0.011037752537226941,2222.3402273995534,0.02240688329608294
2023-12-21,2239.54248046875,2278.12158203125,2184.856689453125,2201.7900390625,12616530536,0.017090198956007274,2211.3349958147323,0.020936029375812435
2023-12-22,2326.52490234375,2341.947509765625,2233.53271484375,2239.59814453125,16137246310,0.03883937127050796,2226.6474958147323,0.01911183506618406
2023-12-23,2309.04638671875,2332.072021484375,2270.428955078125,2326.7158203125,7995772945,-0.007512713750621014,2238.37890625,0.019876540968920227
2023-12-24,2265.692138671875,2325.705078125,2249.984375,2309.626708984375,9450799236,-0.018775823775668332,2248.266183035714,0.02076464078832379
2023-12-25,2272.561767578125,2303.551025390625,2254.574462890625,2265.340576171875,8036302656,0.003032022219169095,2256.1645159040177,0.020656752554662646
2023-12-26,2231.46533203125,2274.557373046875,2180.225341796875,2272.21875,10668581464,-0.0180837485401647,2263.820626395089,0.020711391028794095
2023-12-27,2378.739990234375,2392.608642578125,2215.140380859375,2231.39306640625,14161342927,0.06599907965814755,2289.081856863839,0.031553799898610034
2023-12-28,2347.566162109375,2445.017578125,2338.703857421875,2380.20068359375,15660799060,-0.013105185204343561,2304.5138113839284,0.0327071079634094
2023-12-29,2300.690673828125,2386.004638671875,2262.975830078125,2346.84375,12536968996,-0.019967696347748753,2300.8232073102677,0.03071754941590437
2023-12-30,2292.0654296875,2322.021484375,2270.011962890625,2300.399658203125,6888195427,-0.003748980355657072,2298.3973563058034,0.030621467019149234
2023-12-31,2281.47119140625,2318.512939453125,2261.394287109375,2291.9453125,6871481744,-0.004622136062972015,2300.6515066964284,0.029679020204282685
2024-01-01,2352.327880859375,2352.327880859375,2267.01806640625,2282.870361328125,6906765990,0.031057455259582145,2312.0466657366073,0.0317598760325037
2024-01-02,2355.83642578125,2431.21240234375,2348.892333984375,2352.593505859375,12910543630,0.001491520357524756,2329.81396484375,0.030173673394059363
2024-01-03,2210.761962890625,2385.11767578125,2113.92529296875,2355.9814453125,19332933581,-0.06158087263741796,2305.8171037946427,0.02785473494635608
2024-01-04,2269.0380859375,2294.608154296875,2204.86572265625,2210.529052734375,11044564896,0.02636019798833411,2294.598807198661,0.03095858290066663
2024-01-05,2268.647216796875,2276.7646484375,2209.537109375,2269.409423828125,10860953290,-0.00017226204489362296,2290.021170479911,0.030197501171979734
2024-01-06,2241.624755859375,2271.359375,2219.781982421875,2269.5400390625,5970741680,-0.011911266210730354,2282.815359933036,0.030450741194901487
2024-01-07,2222.865966796875,2257.1279296875,2211.5625,2242.0126953125,6490053615,-0.008368389496710593,2274.443184988839,0.030521593455061103
2024-01-08,2333.03271484375,2358.815673828125,2171.99365234375,2222.857666015625,13830287095,0.04956067963271038,2271.6867327008927,0.03453123627751643
2024-01-09,2344.8271484375,2369.6416015625,2243.21923828125,2332.8681640625,14891130716,0.005055408575588727,2270.1139787946427,0.03459446115761536
2024-01-10,2582.103515625,2626.976806640625,2341.943115234375,2344.923583984375,29042100476,0.10119141078079541,2323.162772042411,0.0406044304217928
2024-01-11,2619.619140625,2687.779052734375,2567.99365234375,2584.171630859375,22575246883,0.014529094117638142,2373.245779854911,0.0406923560870484
2024-01-12,2524.460205078125,2710.421875,2460.925537109375,2619.177001953125,23623839263,-0.036325484903951155,2409.7904924665177,0.045855258907757795
2024-01-13,2576.597900390625,2589.079833984375,2498.594482421875,2522.933837890625,12250316867,0.020653007406344237,2457.643798828125,0.044142270879326595
2024-01-14,2472.2412109375,2578.332275390625,2470.42431640625,2578.003662109375,9405587417,-0.04050173658734413,2493.2688337053573,0.04908704587472793
2024-01-15,2511.36376953125,2550.76904296875,2470.82080078125,2471.6669921875,9700630000,0.01582473361444947,2518.744698660714,0.046884956799075436
2024-01-16,2587.691162109375,2613.56689453125,2500.00390625,2510.627197265625,11063317095,0.030392806292802277,2553.4395577566966,0.04728181649290682
2024-01-17,2528.369384765625,2592.737060546875,2508.432861328125,2587.044677734375,10441017520,-0.022924597112815248,2545.763253348214,0.029577976611095916
2024-01-18,2467.018798828125,2546.263916015625,2426.135498046875,2528.59326171875,11900028080,-0.024264882460276693,2523.963204520089,0.029463023860455018
2024-01-19,2489.49853515625,2501.30517578125,2414.7109375,2468.68896484375,11405278376,0.009112105809166549,2518.968680245536,0.027138073027692177
2024-01-20,2469.589111328125,2489.84765625,2456.095703125,2489.84765625,5297826161,-0.007997363142403069,2503.681710379464,0.02530860712140457
2024-01-21,2453.9130859375,2479.760498046875,2452.377685546875,2469.798583984375,4578471955,-0.006347624922185768,2501.063406808036,0.02029058566591739
2024-01-22,2310.826416015625,2463.447265625,2303.502685546875,2454.9873046875,13923771728,-0.05830959162402838,2472.415213448661,0.02799785519780216
2024-01-23,2240.68603515625,2348.03125,2167.282470703125,2310.95166015625,16182147521,-0.030352942295125973,2422.8430524553573,0.021522654397942865
2024-01-24,2233.561767578125,2261.384521484375,2197.65673828125,2241.749755859375,10134722960,-0.0031795028247356694,2380.7276785714284,0.0223761354518334
2024-01-25,2217.710205078125,2240.380859375,2173.6865234375,2233.969970703125,9302247037,-0.007096988643921831,2345.1121651785716,0.022430676566180818
2024-01-26,2267.19970703125,2280.3837890625,2196.14013671875,2217.44189453125,9975117607,0.022315585616102362,2313.3551897321427,0.025172214582705056
2024-01-27,2267.885986328125,2282.54443359375,2252.38525390625,2267.3193359375,5144367230,0.0003026990938410634,2284.540457589286,0.025638061880030125
2024-01-28,2257.208740234375,2306.898681640625,2242.683837890625,2268.19287109375,7296214994,-0.004708017139361198,2256.4398367745534,0.025703686863904687
2024-01-29,2317.064208984375,2320.02734375,2237.711669921875,2256.995361328125,8948195551,0.02651747163790663,2257.3309500558034,0.019162181894851325
2024-01-30,2344.49365234375,2388.87060546875,2298.281982421875,2317.435791015625,10173440062,0.011838016077853064,2272.1606096540177,0.013674119104015734
2024-01-31,2282.54443359375,2349.611328125,2264.443603515625,2343.558837890625,10807883277,-0.02642328277923489,2279.158133370536,0.018430980769984416
2024-02-01,2303.82470703125,2309.842529296875,2243.57177734375,2282.17529296875,8895583113,0.009323048929214206,2291.460205078125,0.017932895492636082
2024-02-02,2308.0380859375,2323.053466796875,2282.230224609375,2303.7060546875,7186143091,0.0018288626271742991,2297.294259207589,0.01635126564874799
2024-02-03,2296.038330078125,2327.346923828125,2293.5380859375,2307.980224609375,4647754021,-0.005199115184661651,2301.3160226004466,0.016614051792622653
2024-02-04,2289.546142578125,2309.01123046875,2272.304931640625,2296.116943359375,5438100035,-0.002827560592065126,2305.9356515066966,0.016504570952820267
2024-02-05,2298.888916015625,2334.6767578125,2270.06787109375,2289.20556640625,7277068110,0.0040806224708709316,2303.339181082589,0.01273113292545528
2024-02-06,2372.201904296875,2389.826171875,2296.78857421875,2298.955078125,9520885493,0.03189061801573012,2307.2975027901784,0.01748427143452652
2024-02-07,2423.7451171875,2442.63623046875,2353.7060546875,2372.2626953125,9660628536,0.021728004179265792,2327.4690290178573,0.013555701541813974
2024-02-08,2419.906494140625,2459.556640625,2414.74951171875,2424.080078125,9941841732,-0.0015837568973957605,2344.0521414620534,0.01408711193688176
2024-02-09,2487.515625,2522.724609375,2419.36279296875,2419.773681640625,13634203177,0.02793873689875137,2369.6917898995534,0.015801556862957304
2024-02-10,2501.228271484375,2516.7197265625,2475.857666015625,2487.650390625,6474444159,0.005512587075457986,2399.004638671875,0.014447723163326053
2024-02-11,2507.570556640625,2537.67919921875,2495.21435546875,2501.1298828125,7347245813,0.002535668266889557,2430.1509835379466,0.013624919451255303
2024-02-12,2658.115966796875,2663.8427734375,2473.81201171875,2507.578857421875,13022696866,0.060036360595147054,2481.4691336495534,0.021532056238207056
2024-02-13,2642.185302734375,2686.455078125,2599.16943359375,2659.586181640625,18271237044,-0.005993216346274366,2520.0381905691966,0.02308763208186825
2024-02-14,2777.90234375,2786.8935546875,2621.025390625,2641.685302734375,21448973822,0.05136545149773286,2570.632080078125,0.026789656202377367
2024-02-15,2824.37890625,2865.845458984375,2764.010498046875,2777.601318359375,23734481937,0.016730812227639058,2628.4138532366073,0.02517939007332399
2024-02-16,2803.69140625,2858.450439453125,2760.3310546875,2825.480712890625,17057114638,-0.007324619212465078,2673.5818219866073,0.027363618867382474
2024-02-17,2786.672607421875,2805.128662109375,2724.386962890625,2803.73583984375,17932379943,-0.006070139812886177,2714.3595842633927,0.02853797188471016
2024-02-18,2878.998046875,2892.843505859375,2767.9130859375,2786.709716796875,23355830478,0.03313106792926823,2767.420654296875,0.028493408406597524
2024-02-19,2943.57470703125,2983.37060546875,2860.263671875,2881.296875,15163110589,0.022430254937596983,2808.2004743303573,0.02270229218930333
2024-02-20,3013.503662109375,3031.5244140625,2879.9033203125,2944.1064453125,20341598470,0.02375647368863687,2861.2459542410716,0.020849054724452785
2024-02-21,2970.35546875,3017.1904296875,2875.41845703125,3015.6533203125,18897136867,-0.014318281375232278,2888.7392578125,0.01858976786056524
2024-02-22,2971.00732421875,3030.666015625,2907.109375,2969.599853515625,18058908246,0.0002194536901753974,2909.6861746651784,0.0186057053830179
2024-02-23,2921.658203125,2991.32958984375,2906.583740234375,2970.1396484375,12822717059,-0.01661023205546175,2926.53857421875,0.020101646630638192
2024-02-24,2992.385986328125,3003.195068359375,2907.70068359375,2921.962890625,10701688842,0.02420809632265497,2955.926199776786,0.020308770474197567
2024-02-25,3112.697265625,3117.428955078125,2984.39306640625,2992.36669921875,14620450464,0.04020580227502868,2989.3118024553573,0.021753072797525932
2024-02-26,3178.99365234375,3197.375,3037.95458984375,3112.529052734375,17504464351,0.021298694046122835,3022.9430803571427,0.02166156874170912
2024-02-27,3244.519287109375,3287.9580078125,3167.83056640625,3178.405029296875,21090315368,0.0206120684504405,3055.9453125,0.021389928799975262
2024-02-28,3385.703857421875,3485.450927734375,3201.575927734375,3243.893310546875,32885894265,0.04351478842287437,3115.2807965959823,0.021238474194356274
2024-02-29,3341.919677734375,3518.96923828125,3303.9052734375,3386.802734375,28469171094,-0.012932076026531347,3168.2682756696427,0.023630355590570824
2024-03-01,3435.053955078125,3452.626220703125,3341.85107421875,3341.9658203125,16880101987,0.02786849665007196,3241.610525948661,0.01843787739383827
2024-03-02,3422.0498046875,3459.747314453125,3398.89892578125,3436.1591796875,12024340617,-0.003785719397915277,3302.9910714285716,0.021110806718569738
2024-03-03,3490.99365234375,3491.16845703125,3372.214111328125,3422.875244140625,13643324467,0.020146944548209422,3357.0334123883927,0.01910419697369193
2024-03-04,3630.433837890625,3641.459228515625,3446.017578125,3489.340087890625,26772963830,0.039942835603055116,3421.5248674665177,0.021056224609223784
2024-03-05,3554.964599609375,3828.15966796875,3224.119384765625,3631.928955078125,47706899137,-0.02078793930730316,3465.874197823661,0.025896652399161887
2024-03-06,3819.226318359375,3901.434326171875,3502.802490234375,3554.06787109375,34938642613,0.07433596350833915,3527.805977957589,0.0333989293100319
2024-03-07,3874.34765625,3939.593994140625,3738.685302734375,3818.31103515625,22457177587,0.01443259270225794,3603.867117745536,0.030690283395411695
2024-03-08,3892.06103515625,3998.826416015625,3828.36328125,3874.830810546875,26135487051,0.0045719642318817755,3669.1538434709823,0.03117379445030275
2024-03-09,3915.4189453125,3950.396484375,3880.658935546875,3892.119140625,11926623780,0.006001424424042279,3739.6351492745534,0.03021729327759112
2024-03-10,3881.193115234375,3968.7236328125,3800.564453125,3915.590576171875,15783924355,-0.00874129449649308,3795.3779296875,0.03207838518051436
2024-03-11,4066.445068359375,4087.050048828125,3745.125244140625,3881.23779296875,28806262507,0.047730671374699885,3857.6652483258927,0.0331764039819534
2024-03-12,3980.273193359375,4092.2841796875,3831.889892578125,4066.6904296875,26917010932,-0.021190960052674845,3918.4236188616073,0.03325275133548879
2024-03-13,4006.45703125,4083.00732421875,3936.627197265625,3980.26513671875,22028114691,0.006578402189656218,3945.1708635602677,0.021462366007665
2024-03-14,3883.140380859375,4011.102783203125,3721.78857421875,4005.7451171875,25434810823,-0.030779476587110888,3946.4269670758927,0.025327095221081525
2024-03-15,3735.22021484375,3928.775634765625,3571.774658203125,3882.85693359375,33505075433,-0.03809292261097419,3924.0211356026784,0.02906813172413475
2024-03-16,3522.860107421875,3780.89453125,3468.079345703125,3736.10498046875,20199855932,-0.05685343706857138,3867.9413016183034,0.034181732120083935
2024-03-17,3642.4130859375,3676.263427734375,3414.17236328125,3523.02978515625,19938757095,0.03393634003909307,3833.8298688616073,0.03886134106057074
2024-03-18,3517.985107421875,3642.4970703125,3456.09130859375,3642.298828125,21162220224,-0.0341608641249429,3755.478445870536,0.030602751014995447
2024-03-19,3157.6181640625,3546.582275390625,3149.286865234375,3518.34765625,34166976701,-0.10243560798455653,3637.956298828125,0.043698509310499976
2024-03-20,3513.39306640625,3534.826416015625,3059.65478515625,3158.396728515625,36605316331,0.11267192037115104,3567.5185895647323,0.06979087254880204
2024-03-21,3492.9912109375,3586.905029296875,3412.22265625,3514.017578125,22213647922,-0.0058068810073729216,3511.7829938616073,0.0695790579740015
2024-03-22,3333.68798828125,3541.898193359375,3254.96923828125,3492.89794921875,20574952329,-0.04560653406668436,3454.4212472098216,0.07008743738824805
2024-03-23,3336.593994140625,3433.758056640625,3273.115478515625,3335.592529296875,13242137554,0.0008717090110383907,3427.8118024553573,0.06756037199155253
2024-03-24,3454.636474609375,3470.344482421875,3301.27734375,3336.666015625,12156660941,0.035378137308897495,3400.986572265625,0.0677037168059555
2024-03-25,3590.8837890625,3657.118896484375,3421.79052734375,3454.8857421875,18603921705,0.039438972943898865,3411.4006696428573,0.06823897356221845
2024-03-26,3587.5048828125,3678.789794921875,3545.4287109375,3591.085205078125,18505553577,-0.0009409678643157449,3472.813058035714,0.04995797436686855
2024-03-27,3500.115234375,3664.383056640625,3460.3935546875,3587.313720703125,18753082145,-0.024359450730277232,3470.9162248883927,0.030319408103348326
2024-03-28,3561.2939453125,3609.705322265625,3465.332275390625,3500.216064453125,16419674157,0.017479056214108946,3480.673758370536,0.03086733443246851
2024-03-29,3511.80615234375,3583.701416015625,3475.7255859375,3561.01171875,12712701619,-0.013896014686989755,3506.119210379464,0.024098959226043912
2024-03-30,3507.9443359375,3566.08447265625,3489.902099609375,3511.82763671875,9389066783,-0.0010996667352133338,3530.597830636161,0.02420348680947878
2024-03-31,3647.8564453125,3655.218994140625,3507.24267578125,3507.95166015625,10499881424,0.03988435846648297,3558.20068359375,0.025113580572120337
2024-04-01,3505.030029296875,3648.129150390625,3418.6953125,3647.819580078125,16002098681,-0.03915351882861429,3545.935860770089,0.02629375233493825
2024-04-02,3277.234619140625,3506.962890625,3215.985107421875,3504.818359375,22076539151,-0.0649910010049034,3501.6115373883927,0.03507344059348069
2024-04-03,3311.44189453125,3368.111572265625,3205.649169921875,3277.32421875,16010734587,0.010437847565395009,3474.658203125,0.035543021331170245
2024-04-04,3330.04052734375,3443.20751953125,3253.3193359375,3311.495361328125,14476330517,0.00561647566373269,3441.622000558036,0.034428087120897455
2024-04-05,3318.88525390625,3345.66650390625,3214.244140625,3330.005859375,15214447092,-0.0033498911937862585,3414.0618722098216,0.03441034342188987
2024-04-06,3354.183837890625,3397.592529296875,3308.9833984375,3318.86474609375,8956926798,0.010635674717235144,3392.0960867745534,0.03505523222918555
2024-04-07,3453.49462890625,3458.50830078125,3346.11474609375,3354.2138671875,9931108526,0.02960803456678729,3364.3301130022323,0.0329743797371287
2024-04-08,3695.292724609375,3727.616455078125,3409.51171875,3453.498779296875,19055143129,0.07001548335394525,3391.510498046875,0.04038842402116532
2024-04-09,3505.163330078125,3724.92236328125,3455.107666015625,3695.341796875,18279773833,-0.051451781685670994,3424.0717424665177,0.036424256760384265
2024-04-10,3543.737060546875,3561.516357421875,3415.180419921875,3505.156005859375,16872482726,0.011004831112360725,3457.256766183036,0.03642546275743697
2024-04-11,3505.247802734375,3616.1943359375,3477.171142578125,3543.4521484375,14076734489,-0.010861205883757163,3482.286376953125,0.03730026778571941
2024-04-12,3243.034912109375,3552.589111328125,3103.43017578125,3505.329833984375,22104869556,-0.07480580700184813,3471.450613839286,0.0488846897657261
2024-04-13,3004.900390625,3299.663818359375,2862.3935546875,3242.94091796875,29930408174,-0.07342952756850973,3421.552978515625,0.05511605933423849
2024-04-14,3156.94189453125,3174.66650390625,2914.4228515625,3005.547607421875,25486284994,0.050597851556279494,3379.188302176339,0.05837590407862396
2024-04-15,3101.600341796875,3277.5615234375,3026.538818359375,3156.830078125,21925843181,-0.01753011445356112,3294.3751046316966,0.04615633149521163
2024-04-16,3084.920166015625,3127.160888671875,2997.754638671875,3101.140625,19441391169,-0.005377925568445963,3234.3403669084823,0.04481871014503375
2024-04-17,2984.7275390625,3123.669677734375,2918.5537109375,3084.923583984375,17711869375,-0.03247819118850337,3154.481863839286,0.04324364551251138
2024-04-18,3066.027587890625,3094.842041015625,2956.12744140625,2984.705322265625,15183777035,0.027238683519387852,3091.7361188616073,0.047294617266118825
2024-04-19,3059.278564453125,3127.114990234375,2868.7958984375,3065.953125,20399982867,-0.0022012272375354636,3065.4852120535716,0.04017849004218865
2024-04-20,3157.627197265625,3170.6728515625,3021.784912109375,3059.47802734375,9918642130,0.032147655318233825,3087.3033272879466,0.029830809024076577
2024-04-21,3147.28857421875,3197.50634765625,3119.552001953125,3157.571044921875,9394387894,-0.0032741746890918577,3085.9242815290177,0.023027998230476302
2024-04-22,3201.652099609375,3236.6591796875,3131.367431640625,3147.66357421875,12063858733,0.017273130222613897,3100.2173897879466,0.02241435686096372
2024-04-23,3219.91162109375,3264.41943359375,3154.58984375,3201.588623046875,11054442653,0.0057031560320381924,3119.501883370536,0.021965752574508886
2024-04-24,3139.80517578125,3292.921630859375,3105.982177734375,3219.95703125,14000234760,-0.024878460883124842,3141.655831473214,0.019809055875888628
2024-04-25,3156.509521484375,3190.976318359375,3074.8046875,3139.624267578125,13989030260,0.005320185415315981,3154.5818219866073,0.017784920032666265
2024-04-26,3130.164794921875,3166.188720703125,3103.10400390625,3156.384033203125,10622333862,-0.008346157799679732,3164.708426339286,0.018303315872413184
2024-04-27,3252.168212890625,3279.451171875,3071.340087890625,3129.72705078125,11820785577,0.03897667565831631,3178.214285714286,0.020175870950588953
2024-04-28,3262.774658203125,3351.176513671875,3249.149169921875,3252.24560546875,11379192678,0.0032613458524253236,3194.7122977120534,0.01991123725935344
2024-04-29,3215.428955078125,3285.46875,3116.199951171875,3262.3408203125,15032246816,-0.01451087129353712,3196.680419921875,0.020352916881884432
2024-04-30,3012.286865234375,3249.37841796875,2918.228759765625,3215.381103515625,18266894653,-0.06317729070733402,3167.0197405133927,0.031292313539008285
2024-05-01,2969.78466796875,3020.17333984375,2815.92333984375,3011.015625,20005057445,-0.014109611457047588,3142.7310965401784,0.030642454243844996
2024-05-02,2988.16845703125,3015.05029296875,2894.329833984375,2969.79443359375,13163903903,0.0061902767768931,3118.682373046875,0.03070488478032013
2024-05-03,3103.5419921875,3127.1552734375,2960.18212890625,2988.134521484375,12862183229,0.03861011747338838,3114.8791155133927,0.03525303527306742
2024-05-04,3117.576416015625,3167.541259765625,3096.267578125,3103.61962890625,8283229638,0.004522066678476877,3095.6517159598216,0.030934032739945813
2024-05-05,3137.2490234375,3170.05517578125,3075.586181640625,3117.636962890625,8783447639,0.006310224609351378,3077.719482421875,0.031100644430848003
2024-05-06,3062.728759765625,3220.15234375,3048.238525390625,3137.51025390625,13008587255,-0.02375337855399917,3055.9051688058034,0.031752829143545325
2024-05-07,3006.5771484375,3129.081298828125,3003.013671875,3062.7509765625,11743187337,-0.01833385054066039,3055.0894949776784,0.0211688350180387
2024-05-08,2973.6572265625,3037.196044921875,2938.47265625,3006.315673828125,11791662158,-0.010949302229649516,3055.6427176339284,0.020851083695708542
2024-05-09,3036.0205078125,3057.958251953125,2951.223876953125,2973.9716796875,10861947179,0.0209719132026831,3062.4787248883927,0.02224083907762244
2024-05-10,2909.791259765625,3052.7294921875,2881.000732421875,3036.231201171875,12278653601,-0.041577205332458456,3034.800048828125,0.0211558372340156
2024-05-11,2911.60205078125,2942.1787109375,2888.083251953125,2909.845458984375,6795916454,0.0006223095933592937,3005.3751395089284,0.02078941591683308
2024-05-12,2928.701904296875,2953.04736328125,2902.201904296875,2911.658203125,5908941395,0.005873005038939505,2975.582693917411,0.020734478184947676
2024-05-13,2949.359619140625,2994.869140625,2865.134521484375,2928.81396484375,13352264795,0.007053539594945368,2959.3871023995534,0.02049586159656126
2024-05-14,2881.157958984375,2959.546630859375,2863.5458984375,2949.213134765625,12444516140,-0.023124226599441355,2941.4700753348216,0.021079478023230007
2024-05-15,3037.056640625,3041.602294921875,2864.7353515625,2881.224609375,14666902956,0.05410973083044013,2950.5271344866073,0.030642861649639024
2024-05-16,2945.131103515625,3041.80712890625,2925.08740234375,3036.01416015625,13035465176,-0.030267969283067964,2937.5429338727677,0.03184725076998647
2024-05-17,3094.11865234375,3120.3017578125,2934.112548828125,2945.136962890625,14449438097,0.050587747570991715,2963.875418526786,0.03271500495291117
2024-05-18,3122.948974609375,3146.79052734375,3087.704345703125,3094.553466796875,9407051320,0.009317781735288744,2994.0678362165177,0.03249650371562049
2024-05-19,3071.843017578125,3137.1484375,3056.75439453125,3122.82470703125,8747800800,-0.0163646468279689,3014.5165666852677,0.034073712124848866
2024-05-20,3663.85546875,3690.805908203125,3050.2978515625,3071.85888671875,31228143948,0.19272223475749883,3116.58740234375,0.07790112611544368
2024-05-21,3789.312744140625,3837.372802734375,3628.096435546875,3663.01123046875,37643853967,0.03424187347472718,3246.323800223214,0.07381844526068339
2024-05-22,3737.2177734375,3810.948486328125,3655.0751953125,3789.372802734375,25155809461,-0.013747867811565229,3346.3468191964284,0.07638179481121561
2024-05-23,3776.92724609375,3943.553955078125,3552.642578125,3737.178466796875,45623656317,0.010625410415868064,3465.1748395647323,0.07224572216008501
2024-05-24,3726.9345703125,3825.12255859375,3631.990234375,3776.992431640625,22257061429,-0.013236335392203924,3555.5771135602677,0.07441623647760436
2024-05-25,3749.236572265625,3776.006591796875,3710.5283203125,3726.9755859375,10000027764,0.005984006837891798,3645.0467703683034,0.07457428951515732
2024-05-26,3825.8974609375,3879.470703125,3732.02294921875,3749.179931640625,14650794791,0.020447066274494885,3752.7688337053573,0.07213269398027064
2024-05-27,3892.0068359375,3973.556396484375,3821.930419921875,3826.127197265625,18949181813,0.017279442451079374,3785.361886160714,0.01760734874122291
2024-05-28,3840.25634765625,3924.895751953125,3771.2138671875,3892.096923828125,19846044324,-0.013296607756030476,3792.6395438058034,0.015155596671207354
2024-05-29,3763.196533203125,3880.6484375,3742.041259765625,3840.235107421875,17411416736,-0.020066320442424512,3796.3507952008927,0.016388390475436332
2024-05-30,3746.849609375,3823.643310546875,3702.263671875,3763.357666015625,15065849797,-0.0043438931992773044,3792.0539899553573,0.01590871852679319
2024-05-31,3760.026611328125,3843.857666015625,3723.835205078125,3746.861572265625,15290700646,0.0035168216840502087,3796.781424386161,0.015001198963972597
2024-06-01,3813.198974609375,3829.294677734375,3749.840087890625,3759.88427734375,8661024535,0.014141485892959826,3805.9189104352677,0.015719908874648806
2024-06-02,3780.89599609375,3834.911865234375,3752.41455078125,3813.275634765625,11126903059,-0.00847135927884124,3799.4901297433034,0.013922221493696598
2024-06-03,3766.38916015625,3848.60302734375,3758.919921875,3780.854248046875,14082454300,-0.0038368778068711418,3781.544747488839,0.01116240715479567
2024-06-04,3812.515869140625,3831.364990234375,3738.13427734375,3766.476318359375,13331489271,0.01224693121792586,3777.5818219866073,0.011998039824044
2024-06-05,3864.260986328125,3887.48583984375,3778.65576171875,3812.560791015625,15480034434,0.013572433260235606,3792.019601004464,0.00956644752833966
2024-06-06,3811.60595703125,3878.05224609375,3761.775390625,3864.263427734375,13606583873,-0.0136261576231963,3801.2705078125,0.011363237533775428
2024-06-07,3678.629150390625,3838.4521484375,3615.2802734375,3811.666015625,18220286186,-0.03488734358684775,3789.6422991071427,0.018079898015164443
2024-06-08,3680.949951171875,3707.497314453125,3669.637939453125,3677.400390625,9096091805,0.0006308874002707299,3770.749581473214,0.01660878012926306
2024-06-09,3705.90380859375,3719.36767578125,3668.12353515625,3680.93603515625,7910768788,0.006779189544245501,3760.0364118303573,0.017057961033477887
2024-06-10,3666.717529296875,3711.4287109375,3648.16455078125,3705.877197265625,10377300126,-0.010574014146293997,3745.797607421875,0.01731878743691889
2024-06-11,3498.33056640625,3669.890869140625,3434.7490234375,3666.35888671875,19184721538,-0.04592308012417712,3700.913992745536,0.02177701461199846
2024-06-12,3559.61767578125,3652.4921875,3463.784912109375,3497.89697265625,17142905351,0.01751895888957078,3657.3935198102677,0.022585601765586102
2024-06-13,3469.28125,3559.725341796875,3431.33349609375,3559.725341796875,14472382154,-0.025378125970065946,3608.489990234375,0.02320349633637147
2024-06-14,3480.27197265625,3528.602294921875,3366.223876953125,3467.969970703125,15793876596,0.003168011430681794,3580.153250558036,0.021660016942555618
2024-06-15,3565.549560546875,3589.887451171875,3473.45263671875,3479.78564453125,12733651076,0.024503138996214258,3563.66748046875,0.02483389311927526
2024-06-16,3620.5634765625,3648.093017578125,3541.534423828125,3566.761962890625,9878388158,0.015429295002475696,3551.476004464286,0.025676387591827898
2024-06-17,3511.37890625,3634.285400390625,3468.14892578125,3622.383544921875,17838856988,-0.03015678941117861,3529.2847726004466,0.027627196459772286
2024-06-18,3483.681396484375,3514.17724609375,3371.59033203125,3510.565185546875,21022514455,-0.007887929643914382,3527.1920340401784,0.02148641077167326
2024-06-19,3559.347412109375,3583.320068359375,3466.48095703125,3482.350830078125,15275373778,0.021720130807989513,3527.1534249441966,0.022119708067212075
2024-06-20,3511.0869140625,3623.886474609375,3485.4599609375,3559.347412109375,16115123753,-0.013558805157003362,3533.125662667411,0.02021057537536508
2024-06-21,3516.07568359375,3542.957275390625,3447.935546875,3511.268310546875,15933353456,0.0014208618736464285,3538.240478515625,0.02020292214838781
2024-06-22,3494.8134765625,3519.49755859375,3477.169921875,3516.55126953125,7423703673,-0.006047141456727134,3528.135323660714,0.017568427574514742
2024-06-23,3418.61181640625,3519.324951171875,3408.5830078125,3494.953857421875,9418141333,-0.02180421377772701,3499.285086495536,0.016774141333022102
2024-06-24,3350.25634765625,3430.698974609375,3244.241455078125,3418.783203125,23137744903,-0.019995095208515723,3476.267578125,0.014873633183501437
2024-06-25,3395.029052734375,3422.21337890625,3335.556884765625,3350.5556640625,13235546063,0.013363963957398806,3463.602957589286,0.016630494918128076
2024-06-26,3369.477294921875,3421.509521484375,3328.390625,3394.373291015625,11694054195,-0.007526226555239823,3436.4786551339284,0.012342730360407127
2024-06-27,3444.800537109375,3470.923095703125,3362.2646484375,3368.88623046875,11771834016,0.0223545777563241,3427.0091727120534,0.016336502709712642
2024-06-28,3373.635986328125,3482.95751953125,3363.4375,3445.498779296875,12861158844,-0.02065854031739267,3406.66064453125,0.01751846032802217
2024-06-29,3372.9677734375,3401.730224609375,3369.552734375,3373.68994140625,6584792001,-0.00019806905467367741,3389.2541155133927,0.017641483878742422
2024-06-30,3432.88916015625,3453.21142578125,3352.284423828125,3373.07568359375,8396416013,0.017765182101838528,3391.2937360491073,0.017670420918126616
2024-07-01,3440.341552734375,3513.310791015625,3425.3232421875,3432.607421875,12281551839,0.0021708806286613314,3404.1630510602677,0.015142906999640835
2024-07-02,3416.354736328125,3459.761474609375,3399.026123046875,3439.38134765625,9421757718,-0.0069722194841920215,3407.2095772879466,0.014973533604696738
2024-07-03,3292.916748046875,3426.332275390625,3254.521240234375,3416.2548828125,16121324440,-0.03613149037734886,3396.2723563058034,0.020550224596213966
2024-07-04,3054.52197265625,3309.20361328125,3054.52197265625,3291.81787109375,20252514386,-0.07239623520151972,3340.5182756696427,0.0300171977932875
2024-07-05,2981.5986328125,3106.152587890625,2826.014404296875,3057.833251953125,31131942647,-0.023873895979977133,3284.512939453125,0.030113538769438064
2024-07-06,3069.3779296875,3080.107421875,2957.395751953125,2981.988037109375,11586293705,0.029440346500360093,3241.1429617745534,0.03462957749031816
2024-07-07,2929.38720703125,3072.814453125,2923.959228515625,3067.405029296875,10857947538,-0.045608825587177826,3169.214111328125,0.033557130735034385
2024-07-08,3018.73193359375,3090.66455078125,2826.481689453125,2929.861572265625,22627377457,0.03049945952793487,3108.9841657366073,0.03831604618537983
2024-07-09,3064.032958984375,3105.800537109375,3005.522216796875,3018.80322265625,15269945822,0.015006640664742665,3058.6524832589284,0.04021094832447161
2024-07-10,3102.21875,3148.407470703125,3026.6083984375,3066.13720703125,14578679176,0.01246259146908213,3031.409912109375,0.04009354912412004
2024-07-11,3100.330810546875,3208.9384765625,3057.21923828125,3101.335205078125,15230095766,-0.0006085771524413364,3037.954031808036,0.028240400397913566
2024-07-12,3134.15869140625,3154.6015625,3048.508056640625,3099.989990234375,12751638331,0.010911055279745563,3059.7483258928573,0.02578513795913926
2024-07-13,3177.19873046875,3199.989501953125,3115.080322265625,3134.550537109375,8565105946,0.013732565354943382,3075.151297433036,0.024185654269651795
2024-07-14,3244.0791015625,3266.487548828125,3166.43115234375,3176.741455078125,10517709666,0.021050106325543716,3120.1072823660716,0.009527923719622019
2024-07-15,3489.552734375,3494.098388671875,3235.776123046875,3246.131591796875,18305490390,0.0756682020158721,3187.3673967633927,0.024895588669012005
2024-07-16,3443.513427734375,3498.218994140625,3351.77978515625,3486.14404296875,20446664416,-0.013193469233778732,3241.5788922991073,0.02813141472154431
2024-07-17,3388.75244140625,3516.104248046875,3379.099609375,3446.73681640625,16739123962,-0.0159026492788078,3282.512276785714,0.03083180373088907
2024-07-18,3426.258544921875,3488.715576171875,3374.990478515625,3388.030029296875,15035622003,0.011067820433664055,3329.0733816964284,0.030277800377527236
2024-07-19,3505.73486328125,3540.58837890625,3377.877685546875,3425.90869140625,17705629736,0.023196240831611536,3382.155691964286,0.030373284002705368
2024-07-20,3519.29541015625,3539.904296875,3482.489013671875,3505.721435546875,10360198325,0.003868103950767088,3431.0266462053573,0.030750496415397927
2024-07-21,3536.60546875,3546.619140625,3415.44384765625,3519.426513671875,13845913681,0.0049186148294897425,3472.8161272321427,0.030835289678061623
2024-07-22,3440.419921875,3560.075439453125,3425.795654296875,3536.627197265625,18723199034,-0.027197137968854812,3465.7971540178573,0.01751814084943572
2024-07-23,3481.995849609375,3539.53173828125,3395.4208984375,3440.768310546875,24468405650,0.012084550339342526,3471.2946428571427,0.017405165379568887
2024-07-24,3336.33935546875,3487.653076171875,3304.039306640625,3482.15185546875,16040945448,-0.04183132330756956,3463.807059151786,0.02347950653587666
2024-07-25,3174.42724609375,3341.4384765625,3088.764404296875,3336.3623046875,25293745810,-0.04852986825503891,3427.8311593191966,0.028273638365747675
2024-07-26,3275.951416015625,3285.760986328125,3172.777099609375,3174.051025390625,15993893521,0.031981885880926875,3395.004952566964,0.030151329162967987
2024-07-27,3247.60791015625,3327.426513671875,3195.356689453125,3275.8916015625,15198233287,-0.008651992126869734,3356.192452566964,0.029610403448454743
2024-07-28,3271.464599609375,3283.152099609375,3201.76318359375,3247.50732421875,8959236446,0.007345926636807887,3318.315185546875,0.02984164097839008
2024-07-29,3320.539306640625,3396.625732421875,3257.715576171875,3271.453369140625,18334852719,0.015000836945357587,3301.189383370536,0.030210117267328182
2024-07-30,3278.667724609375,3365.322509765625,3235.760009765625,3320.63525390625,14045773047,-0.012609873928464688,3272.142508370536,0.02935913400158817
2024-07-31,3231.295654296875,3347.636474609375,3216.07177734375,3278.6865234375,16135380637,-0.01444857310697567,3257.1362653459823,0.025728676322055163
2024-08-01,3201.564453125,3241.77734375,3078.5439453125,3231.248779296875,20217639556,-0.009201015429318393,3261.013009207589,0.01739945176260871
2024-08-02,2986.01318359375,3214.527099609375,2965.73388671875,3201.599365234375,21400241741,-0.06732685619396284,3219.59326171875,0.02640966804965628
2024-08-03,2903.3857421875,3015.296142578125,2861.177490234375,2985.950927734375,17844091431,-0.02767149249716494,3170.4186662946427,0.026880963113648806
2024-08-04,2686.39892578125,2931.4716796875,2639.566650390625,2903.088623046875,21139601426,-0.07473578631090383,3086.8378557477677,0.0325328870258809
2024-08-05,2417.206298828125,2695.88671875,2122.546142578125,2686.027587890625,67668132244,-0.10020575290203382,2957.790283203125,0.03647755149552026
2024-08-06,2458.723876953125,2553.5810546875,2416.527099609375,2417.269775390625,26041995921,0.01717585219975959,2840.655447823661,0.04202925608008064
2024-08-07,2336.58935546875,2551.560791015625,2312.168701171875,2458.989013671875,24264218606,-0.049673947786168404,2712.840262276786,0.0406166914387336
2024-08-08,2683.352783203125,2721.95458984375,2322.529541015625,2336.9150390625,23468291180,0.14840580649003665,2638.8100237165177,0.08398673127706659
2024-08-09,2599.5986328125,2706.451171875,2555.2294921875,2683.719970703125,17907141655,-0.03121250061300085,2583.6079450334823,0.08181990743838935
2024-08-10,2610.02294921875,2642.92578125,2580.661865234375,2599.582275390625,9361014219,0.004009971491242048,2541.698974609375,0.08199729474649539
2024-08-11,2553.252197265625,2718.797607421875,2544.1748046875,2609.9697265625,13595441987,-0.021751054706288353,2522.6780133928573,0.07760309573191093
2024-08-12,2724.431884765625,2749.135009765625,2513.39404296875,2553.49658203125,21653090666,0.0670437834865365,2566.5673828125,0.06853224165331123
2024-08-13,2703.671875,2737.990478515625,2613.80126953125,2724.303466796875,16383053029,-0.007619940833063277,2601.5599539620534,0.06928749198119946
2024-08-14,2662.914794921875,2775.281005859375,2636.705322265625,2703.5869140625,15825365408,-0.015074713930707695,2648.1778738839284,0.06495351269592894
2024-08-15,2570.087646484375,2675.314453125,2518.670654296875,2662.885498046875,16345801912,-0.03485922591835067,2631.997140066964,0.03472815937374792
2024-08-16,2593.1865234375,2629.383544921875,2553.071533203125,2570.085205078125,13275561555,0.008987583355268836,2631.081124441964,0.03307877585167741
2024-08-17,2614.546875,2626.6728515625,2588.78515625,2593.1669921875,6676568717,0.008237105726658145,2631.7273995535716,0.033200302336981014
2024-08-18,2613.357177734375,2684.031005859375,2596.735107421875,2614.109619140625,9207267415,-0.00045503000041835495,2640.3138253348216,0.031742897957978314
2024-08-19,2637.306396484375,2648.284423828125,2566.401123046875,2612.718505859375,11968963282,0.009164158253623267,2627.8673270089284,0.016281169668767605
2024-08-20,2573.10693359375,2695.913818359375,2556.74755859375,2637.306396484375,13249483464,-0.024342815448445854,2609.2151925223216,0.017953355779784675
2024-08-21,2631.3955078125,2662.953369140625,2538.65771484375,2573.10888671875,12766015263,0.02265299333570292,2604.7124372209823,0.020565400667985404
2024-08-22,2622.951416015625,2644.82373046875,2587.110595703125,2630.8642578125,10723280428,-0.003208978571182075,2612.264404296875,0.014638040929599362
2024-08-23,2764.447021484375,2799.329833984375,2622.5810546875,2622.916015625,16857181970,0.05394518732020126,2636.7301897321427,0.02434475898794871
2024-08-24,2769.3896484375,2820.0205078125,2737.776611328125,2765.4814453125,11765811307,0.0017879260896347393,2658.8505859375,0.02451872859595886
2024-08-25,2749.15771484375,2793.012939453125,2736.0888671875,2769.09814453125,9375535539,-0.007305556877908126,2678.250662667411,0.025066618436105043
2024-08-26,2681.340576171875,2763.004150390625,2668.88671875,2749.24755859375,12282035835,-0.024668333251928187,2684.541259765625,0.02781003880539912
2024-08-27,2458.7265625,2700.15283203125,2401.175048828125,2681.622802734375,18028996056,-0.08302340092495786,2668.2012067522323,0.04235760011638722
2024-08-28,2528.41552734375,2553.820068359375,2422.293701171875,2458.90478515625,20359545410,0.02834351973360194,2653.4897809709823,0.04304128040452957
2024-08-29,2528.792724609375,2595.97705078125,2507.50244140625,2528.3623046875,13946434277,0.00014918325787260933,2640.0385393415177,0.043081649449862564
2024-08-30,2525.822021484375,2539.915283203125,2432.83447265625,2528.732177734375,15526218255,-0.0011747515310726042,2605.9492536272323,0.034901843379144266
2024-08-31,2513.393798828125,2532.389892578125,2493.70556640625,2525.859130859375,6646876013,-0.004920466505769938,2569.37841796875,0.03454173982769037
2024-09-01,2427.90234375,2515.46728515625,2401.88916015625,2513.42431640625,11800443265,-0.034014349489517204,2523.484793526786,0.03524639502880422
2024-09-02,2538.187255859375,2563.0859375,2426.095947265625,2427.973388671875,12520444224,0.04542394894641233,2503.0343191964284,0.04202405956250267
2024-09-03,2420.603759765625,2552.802734375,2419.875244140625,2538.16064453125,11406800197,-0.04632577672207194,2497.588204520089,0.032075351023213516
2024-09-04,2448.97705078125,2488.91650390625,2313.26513671875,2420.1923828125,16709600747,0.011721576032903469,2486.2398507254466,0.03002245375734001
2024-09-05,2367.737548828125,2465.38525390625,2348.86328125,2448.98681640625,13632325040,-0.03317283105091118,2463.2319684709823,0.031813107464811426
2024-09-06,2223.87646484375,2406.511962890625,2150.86328125,2367.700927734375,25825618367,-0.06075888100671323,2420.0968889508927,0.03695077071254594
2024-09-07,2274.107177734375,2310.19482421875,2222.100830078125,2223.92919921875,11124608320,0.022587006825558698,2385.9130859375,0.03985227673522674
2024-09-08,2297.29296875,2332.359375,2243.911376953125,2274.437744140625,10718443487,0.010195557730363625,2367.2546037946427,0.03956249197196133
2024-09-09,2358.482177734375,2379.78662109375,2274.115478515625,2297.896240234375,15887712451,0.026635352920471922,2341.582449776786,0.03586233989411892
2024-09-10,2389.5810546875,2398.50390625,2323.07177734375,2358.497802734375,12795818970,0.013185970725884122,2337.150634765625,0.03269486441074429
2024-09-11,2339.841552734375,2389.71826171875,2279.0537109375,2389.603759765625,15355180967,-0.020815155801287455,2321.5598493303573,0.032835612018484985
2024-09-12,2361.78173828125,2390.186767578125,2316.15771484375,2339.8408203125,12162634681,0.009376782595058808,2320.7090192522323,0.0308497619828948
2024-09-13,2441.607177734375,2462.802978515625,2338.14404296875,2361.740966796875,13759640866,0.03379882152498004,2351.813406808036,0.01766668869194589
2024-09-14,2418.595703125,2442.632080078125,2386.979736328125,2441.580810546875,8170291680,-0.009424724345186375,2372.4546247209823,0.01903284248233296
2024-09-15,2320.897216796875,2430.38330078125,2286.628173828125,2418.26611328125,10155470375,-0.04039471590968735,2375.82666015625,0.026600729900127074
2024-09-16,2295.28369140625,2334.789794921875,2253.715087890625,2320.89453125,16819033263,-0.011036044683605084,2366.7983049665177,0.024454961099334094
2024-09-17,2341.707763671875,2392.149169921875,2263.79296875,2295.284423828125,15356783863,0.020225853753695455,2359.9592633928573,0.025388030675299596
2024-09-18,2369.72900390625,2369.72900390625,2278.66455078125,2341.73291015625,18159056422,0.011966155926492306,2364.2288992745534,0.024477286196452255
2024-09-19,2464.752197265625,2492.20458984375,2369.374755859375,2369.374755859375,18437147349,0.04009875947956032,2378.93896484375,0.028438806251316617
2024-09-20,2561.072021484375,2571.99267578125,2439.3779296875,2464.7822265625,19112788620,0.039078907942797114,2396.00537109375,0.029340450349280348
2024-09-21,2615.857177734375,2621.62255859375,2530.837890625,2560.879638671875,10797825021,0.021391493792606076,2424.1855817522323,0.02873302692992134
2024-09-22,2582.862548828125,2632.039306640625,2528.522216796875,2615.84814453125,13180663011,-0.012613314361003103,2461.609200613839,0.021311428674434238
2024-09-23,2648.54638671875,2701.677734375,2541.910400390625,2582.77490234375,19912841456,0.025430636221980274,2512.0752999441966,0.017903301396168612
2024-09-24,2654.35498046875,2671.27587890625,2593.152099609375,2648.482177734375,16658812503,0.0021931251720292977,2556.739188058036,0.019246169994390484
2024-09-25,2579.388671875,2672.4619140625,2557.724365234375,2654.361572265625,14119729962,-0.028242759218479185,2586.6905691964284,0.026176544017672252
2024-09-26,2632.199951171875,2665.99267578125,2559.954345703125,2579.217529296875,17336033595,0.020474339471486358,2610.6116768973216,0.02365458265837596
2024-09-27,2695.900634765625,2728.067626953125,2616.950927734375,2632.241943359375,17023020294,0.024200548885121798,2629.8729073660716,0.021102765858320056
2024-09-28,2677.5390625,2704.9287109375,2652.25048828125,2695.81591796875,10252590559,-0.006810923232421495,2638.6846051897323,0.020707711831940805
2024-09-29,2659.346923828125,2683.44580078125,2635.5849609375,2677.628662109375,11126215671,-0.006794350426726936,2649.6109444754466,0.0200588079333095
2024-09-30,2603.062744140625,2662.489013671875,2576.97607421875,2659.292724609375,17826446789,-0.021164662339909768,2643.11328125,0.019623911321875177
2024-10-01,2448.921142578125,2657.615478515625,2415.07861328125,2603.26416015625,25482371785,-0.059215476810716816,2613.7655901227677,0.028839412030766776
2024-10-02,2365.231689453125,2498.121337890625,2354.539306640625,2448.877197265625,20148256472,-0.03417400898294953,2583.1717354910716,0.029507142557772967
2024-10-03,2349.791259765625,2402.862548828125,2311.02783203125,2365.213623046875,18051447791,-0.006528083382423278,2542.82763671875,0.026138104954002234
2024-10-04,2414.7939453125,2440.242431640625,2339.870849609375,2349.73291015625,14879264082,0.027663174452933648,2502.6695382254466,0.027038189486456643
2024-10-05,2415.6318359375,2427.517578125,2390.844482421875,2414.84716796875,8152969183,0.0003469822452661919,2465.254220145089,0.027542910908363413
2024-10-06,2439.957763671875,2456.630615234375,2407.099365234375,2415.53173828125,8458690205,0.010070213255379601,2433.912911551339,0.029004276115018154
2024-10-07,2421.796630859375,2520.40625,2405.13427734375,2439.94482421875,17414044416,-0.0074432160600884645,2408.017752511161,0.02873282518004785
2024-10-08,2439.8408203125,2464.12744140625,2400.5107421875,2421.98095703125,14067361080,0.007450745129958358,2406.7205636160716,0.019092748871121435
2024-10-09,2368.283447265625,2470.9130859375,2350.946533203125,2439.840087890625,14954047093,-0.029328705566008972,2407.1565290178573,0.017700158200314266
2024-10-10,2383.85791015625,2417.2880859375,2329.78466796875,2368.273193359375,15327769940,0.0065762664129611625,2412.023193359375,0.017547647099779722
2024-10-11,2436.513427734375,2470.395751953125,2380.504638671875,2383.940185546875,13489061564,0.022088362462288513,2415.1259765625,0.016279591677327315
2024-10-12,2476.523193359375,2488.23779296875,2434.202880859375,2436.515625,9372169184,0.016420909144015505,2423.8247419084823,0.017214044953446722
2024-10-13,2467.677001953125,2484.12939453125,2436.9697265625,2476.520263671875,9189490605,-0.00357202041554483,2427.7846330915177,0.017143514287912602
2024-10-14,2628.89990234375,2652.8818359375,2443.552978515625,2467.6474609375,21434687898,0.06533387483978648,2457.3708147321427,0.028770209629693837
2024-10-15,2606.02197265625,2685.166748046875,2537.94091796875,2629.017578125,22003780898,-0.00870247272142377,2481.1109793526784,0.029836904862282607
2024-10-16,2611.10205078125,2644.854248046875,2589.60693359375,2606.01953125,17012396419,0.0019493612019787498,2515.7993512834823,0.024934348551772872
2024-10-17,2604.2734375,2646.8740234375,2577.305908203125,2611.192138671875,15150712321,-0.0026152226716711358,2547.287283761161,0.025640836690890338
2024-10-18,2641.55224609375,2674.371826171875,2595.958984375,2604.814453125,17043738652,0.014314475606500121,2576.578543526786,0.025347568292574757
2024-10-19,2648.656982421875,2661.872802734375,2631.656982421875,2641.48828125,8557834553,0.002689606589697968,2601.1690848214284,0.02546821963454475
2024-10-20,2746.364013671875,2756.436767578125,2635.94580078125,2648.665771484375,14559296242,0.03688927328017333,2640.981515066964,0.026469179343513147
2024-10-21,2665.712158203125,2765.549560546875,2655.29443359375,2746.3056640625,17328615363,-0.029366775513825272,2646.240408761161,0.020367097576750048
2024-10-22,2620.197509765625,2669.7900390625,2605.61865234375,2665.65673828125,15541911074,-0.01707410468059689,2648.2654854910716,0.021334435777413483
2024-10-23,2509.098876953125,2624.450439453125,2457.169921875,2620.088623046875,17876984551,-0.04240086191916037,2633.693603515625,0.026863813178686805
2024-10-24,2534.49853515625,2559.1513671875,2506.722900390625,2523.60693359375,16128627601,0.010123020035770258,2623.725760323661,0.027505015209154274
2024-10-25,2435.93408203125,2563.734130859375,2381.45068359375,2534.454833984375,22560233078,-0.03888913398757343,2594.351736886161,0.029054172556344036
2024-10-26,2479.603271484375,2503.23046875,2427.46142578125,2436.050048828125,13597102184,0.017927081761059283,2570.2012067522323,0.030782980790449103
2024-10-27,2505.940673828125,2523.17138671875,2462.27197265625,2479.93701171875,9801434566,0.01062161945285034,2535.8550153459823,0.02538939684064642
2024-10-28,2565.34814453125,2587.43017578125,2470.268310546875,2505.590576171875,18971841402,0.02370665487957191,2521.5172991071427,0.02743296955859654
2024-10-29,2637.95751953125,2680.054443359375,2560.15380859375,2565.41796875,22185845095,0.02830390688093809,2524.054443359375,0.029431805098123896
2024-10-30,2657.37255859375,2720.271484375,2600.609619140625,2637.64013671875,22382690746,0.007359875554762585,2545.236397879464,0.022235313951152275
2024-10-31,2515.79931640625,2667.5595703125,2501.572265625,2657.213134765625,19760409505,-0.05327564692788833,2542.5650809151784,0.03214438180090828
2024-11-01,2511.885498046875,2583.777099609375,2467.8193359375,2515.870361328125,20215438328,-0.001555695771857435,2553.415283203125,0.02749484159103099
2024-11-02,2491.068603515625,2522.360595703125,2471.95556640625,2512.208251953125,9639457439,-0.00828735806127956,2555.0531877790177,0.02718072001617118
2024-11-03,2456.42529296875,2495.4365234375,2411.3984375,2491.094482421875,15667779706,-0.013907007819047301,2547.979561941964,0.027311641330604403
2024-11-04,2397.0263671875,2488.350341796875,2359.578125,2456.09521484375,17110200696,-0.024181043059307794,2523.93359375,0.02559005149309296
2024-11-05,2422.650634765625,2478.618896484375,2380.601318359375,2397.036376953125,17894057485,0.010690023242502233,2493.175467354911,0.02186359645100269
2024-11-06,2724.169189453125,2743.964111328125,2421.81298828125,2422.539306640625,41887574364,0.12445812465100636,2502.717843191964,0.056460974859929076
2024-11-07,2895.58544921875,2918.744384765625,2701.5908203125,2724.005859375,35352318438,0.06292423408548897,2556.9730050223216,0.053529502023115225
2024-11-08,2962.296630859375,2983.744873046875,2889.484375,2895.597900390625,32303261101,0.023038926949513483,2621.317452566964,0.052566395838646564
2024-11-09,3131.14453125,3156.3662109375,2957.182373046875,2962.791015625,29210133088,0.05699898471735465,2712.7568708147323,0.05146401336521983
2024-11-10,3191.331298828125,3249.9140625,3073.248779296875,3130.729248046875,47418730187,0.01922197042565066,2817.7434430803573,0.047677118065711725
2024-11-11,3374.81298828125,3389.529296875,3109.76953125,3191.656982421875,55417771668,0.05749377681988088,2957.42724609375,0.03879932179360022
2024-11-12,3246.25732421875,3444.154052734375,3211.198486328125,3375.15478515625,56686078066,-0.0380926778784183,3075.0853445870534,0.04995776589208279
2024-11-13,3192.595947265625,3337.877197265625,3121.666015625,3244.543212890625,52010205682,-0.016530228997185037,3142.0034528459823,0.03925679643626167
2024-11-14,3058.94873046875,3240.270751953125,3032.971923828125,3192.5205078125,35743352141,-0.041861613246530704,3165.341064453125,0.041658293103993035
2024-11-15,3103.04052734375,3130.703857421875,3016.14404296875,3059.526123046875,32701369872,0.014414035918883572,3185.447335379464,0.041286285293887316
2024-11-16,3133.27392578125,3218.089599609375,3073.286376953125,3089.739990234375,26650658846,0.00974315294018413,3185.751534598214,0.035241207064801286
2024-11-17,3075.66162109375,3160.152587890625,3039.246826171875,3133.306640625,28348163224,-0.01838725437104416,3169.227294921875,0.03479787803346028
2024-11-18,3207.8564453125,3225.130615234375,3052.4912109375,3075.722900390625,35445557613,0.04298093890177013,3145.3763602120534,0.030657627620558126
2024-11-19,3111.384033203125,3222.00439453125,3070.36279296875,3208.25048828125,29823634432,-0.030073793436219964,3126.1087472098216,0.029419094385703757
2024-11-20,3072.18798828125,3159.949462890625,3032.603271484375,3111.116943359375,29785491216,-0.012597623598885388,3108.9076102120534,0.029214050740206256
2024-11-21,3361.053955078125,3388.54296875,3035.8466796875,3072.05517578125,51619069348,0.09402613638837987,3152.065499441964,0.0427406972959409
2024-11-22,3331.600830078125,3428.46044921875,3262.808837890625,3360.654296875,36775716442,-0.008763062239896535,3184.716971261161,0.04361917087329583
2024-11-23,3396.223388671875,3499.370849609375,3317.65478515625,3331.6455078125,38835184688,0.019396849109391878,3222.281180245536,0.043725666824593695
2024-11-24,3363.659912109375,3451.80224609375,3288.430908203125,3396.99951171875,27901454185,-0.009588143309746888,3263.4237932477677,0.0428110460963487
2024-11-25,3413.5439453125,3545.27880859375,3304.093994140625,3364.6015625,51544793988,0.01483028442427825,3292.8077218191966,0.04087223543450116
2024-11-26,3326.517333984375,3461.29296875,3255.54296875,3412.950927734375,39902959158,-0.0254945044570557,3323.5410505022323,0.04016179016951336
2024-11-27,3657.249267578125,3687.009033203125,3303.56787109375,3326.029052734375,43383987191,0.09942287996365606,3407.1212332589284,0.0505190235906485
2024-11-28,3579.8115234375,3664.878173828125,3531.87060546875,3656.609619140625,32362724276,-0.021173767078749073,3438.372314453125,0.0429636036404194
2024-11-29,3593.494384765625,3647.264404296875,3538.44677734375,3579.91064453125,27622629486,0.003822229533186672,3475.7856794084823,0.04231555467085413
2024-11-30,3705.705322265625,3739.934814453125,3572.254150390625,3593.59814453125,30670867436,0.03122613408711894,3519.997384207589,0.04291073584868528
2024-12-01,3711.1650390625,3747.455322265625,3663.234130859375,3706.619873046875,28018113530,0.0014733272945559595,3569.6409737723216,0.04212419061065614
2024-12-02,3644.198486328125,3761.343017578125,3557.252197265625,3710.495361328125,47284967570,-0.018044617264257212,3602.591622488839,0.043923829262656124
2024-12-03,3620.711669921875,3670.2197265625,3504.226318359375,3643.7421875,36839829742,-0.0064449882448404106,3644.619384765625,0.0418884434615928
2024-12-04,3841.3310546875,3895.17431640625,3617.74462890625,3620.03759765625,56799745752,0.06093260244895049,3670.9167829241073,0.029260105040493336
2024-12-05,3811.00830078125,3956.54150390625,3683.4208984375,3840.844482421875,60568296606,-0.007893814272854183,3703.944893973214,0.027474848021413284
2024-12-06,4005.810546875,4093.172119140625,3782.681396484375,3792.20849609375,52853668566,0.051115670898385535,3762.8472028459823,0.03143410394864916
2024-12-07,4002.692626953125,4029.452880859375,3974.17626953125,4006.02880859375,22574636761,-0.0007783493216640958,3805.2739606584823,0.031185733466117624
2024-12-08,4005.70458984375,4018.0,3927.85400390625,4007.690673828125,20943378971,0.0007524841828581152,3847.3510393415177,0.031225448121981726
2024-12-09,3718.6904296875,4008.77783203125,3525.23291015625,4006.101806640625,57029832059,-0.07165135464156769,3857.992745535714,0.04371826764550376
2024-12-10,3631.833740234375,3780.75341796875,3520.365234375,3719.00048828125,58416417599,-0.02335679484361486,3859.581612723214,0.0448267990688169
2024-12-11,3832.822021484375,3850.765380859375,3567.56640625,3631.276123046875,35968053196,0.055340716460503314,3858.366036551339,0.04362065429358791
2024-12-12,3883.1015625,3987.005859375,3800.0908203125,3833.172119140625,42971675764,0.013118151777930187,3868.6650739397323,0.04366937763291739
2024-12-13,3911.205322265625,3967.395263671875,3855.023681640625,3883.030029296875,34895127659,0.007237451638409276,3855.1500418526784,0.03854492862960035
2024-12-14,3868.4052734375,3943.278076171875,3826.761962890625,3910.847900390625,28756190559,-0.010942930708463194,3835.966134207589,0.03864904343157349
2024-12-15,3951.941162109375,3971.498046875,3832.0966796875,3868.441162109375,25069616984,0.02159439944037822,3828.28564453125,0.03987871041795633
2024-12-16,3987.48095703125,4106.95556640625,3882.705322265625,3951.65283203125,46536359669,0.00899299697642908,3866.6842912946427,0.025030977669165413
2024-12-17,3886.76611328125,4040.337890625,3849.28662109375,3987.333984375,35418700472,-0.02525776168846805,3903.103201729911,0.02546335402041932
2024-12-18,3618.791259765625,3902.715576171875,3617.840576171875,3886.886962890625,48946681636,-0.06894545380539963,3872.5273786272323,0.03125999832106684
2024-12-19,3417.927978515625,3717.662353515625,3330.87255859375,3619.58203125,58879190250,-0.05550562793804503,3806.0740094866073,0.034245237375949505
2024-12-20,3472.553466796875,3496.327392578125,3098.20361328125,3417.93017578125,66383827229,0.015982047785855658,3743.4094587053573,0.03543871828921718
2024-12-21,3337.222412109375,3552.921630859375,3293.505615234375,3472.589111328125,31579389836,-0.038971625917780583,3667.526192801339,0.03630572218516845
2024-12-22,3277.53515625,3398.657470703125,3219.294921875,3336.998779296875,24780768375,-0.01788530954448675,3571.1824776785716,0.031455085772528146
2024-12-23,3415.785400390625,3461.52783203125,3217.36865234375,3277.51416015625,34496081389,0.042181162840310815,3489.5116838727677,0.03915666021977671
2024-12-24,3492.0498046875,3535.857666015625,3355.609130859375,3415.738037109375,23083678195,0.022327047913535125,3433.1236397879466,0.042336281094147804
2024-12-25,3493.2353515625,3542.833740234375,3440.09716796875,3491.95751953125,17651873225,0.00033949884489303805,3415.187081473214,0.03490651784188277
2024-12-26,3331.225830078125,3512.6044921875,3302.306396484375,3493.30419921875,22247726776,-0.04637807223950974,3402.8010602678573,0.032790172767797124
2024-12-27,3328.9169921875,3436.710693359375,3302.57568359375,3331.0537109375,24091627403,-0.000693089573747363,3382.281563895089,0.03175363056065443
2024-12-28,3397.90234375,3419.920166015625,3318.033935546875,3328.774658203125,14305648523,0.02072306150150305,3390.950125558036,0.02920585360652321
2024-12-29,3349.513427734375,3406.6484375,3321.664794921875,3397.862548828125,13440907792,-0.014240820106154684,3401.232735770089,0.028802329719390247
2024-12-30,3356.392578125,3428.52734375,3298.804443359375,3349.5859375,26981583962,0.0020537760301735375,3392.748046875,0.023275556987277447
2024-12-31,3332.53173828125,3444.396728515625,3311.41259765625,3356.394775390625,20845452085,-0.0071090729967826505,3369.9597516741073,0.020596551404592146
2025-01-01,3353.504150390625,3366.531494140625,3310.255859375,3332.406494140625,14195410493,0.006293237021109732,3349.9981515066966,0.021042812326509185
2025-01-02,3451.392578125,3493.4482421875,3348.35205078125,3353.412109375,22243574698,0.029189893122086197,3367.1648297991073,0.015230215511049538
2025-01-03,3605.009765625,3627.0556640625,3421.83154296875,3451.680908203125,21877299255,0.04450875524089293,3406.6066545758927,0.02086737263184904
2025-01-04,3657.706787109375,3669.19677734375,3574.326904296875,3605.20068359375,16060610759,0.014617719482165947,3443.7215750558034,0.020549195107565907
2025-01-05,3634.103759765625,3673.81298828125,3594.616943359375,3657.7431640625,12830306908,-0.006452957745802013,3484.3773367745534,0.019132047791182202
2025-01-06,3688.611328125,3743.941650390625,3611.21435546875,3634.11376953125,23973574043,0.01499890260780301,3531.837158203125,0.0186443103167002
2025-01-07,3381.577392578125,3701.10693359375,3358.08984375,3688.34130859375,32235312545,-0.08323835401301194,3538.843680245536,0.04128139686192424
2025-01-08,3326.329345703125,3413.682861328125,3209.214599609375,3381.615478515625,34337730882,-0.016337951334858714,3534.9615652901784,0.04184866505495349
2025-01-09,3219.4306640625,3355.8623046875,3159.384033203125,3326.359619140625,28815726276,-0.03213713091240178,3501.824148995536,0.04103610007922297
2025-01-10,3267.489990234375,3320.50048828125,3196.1103515625,3219.49658203125,26503845190,0.014927896012281394,3453.6070382254466,0.035775513400451237
2025-01-11,3282.2177734375,3317.654296875,3219.69873046875,3267.5224609375,11772144561,0.004507369034684849,3399.965750558036,0.0346432225605693
2025-01-12,3265.951171875,3298.018310546875,3224.510498046875,3282.150390625,11647743556,-0.004955978757455792,3347.3725237165177,0.03470803287248931
2025-01-13,3135.499755859375,3335.193603515625,2920.5927734375,3266.095458984375,39911742769,-0.03994285558798849,3268.3565848214284,0.03307130970861418
2025-01-14,3223.6845703125,3254.75146484375,3126.805908203125,3135.670166015625,22847737224,0.028124644018336253,3245.800467354911,0.02467801027743906
2025-01-15,3450.53759765625,3473.1015625,3186.139892578125,3223.6845703125,25991614661,0.07037072715887938,3263.544503348214,0.037416732733295
2025-01-16,3308.34521484375,3458.1806640625,3265.67578125,3450.30517578125,26395516475,-0.041208762051769265,3276.24658203125,0.0390718921531007
2025-01-17,3474.107177734375,3525.54345703125,3307.31103515625,3308.191162109375,28200207229,0.05010419171097702,3305.7633231026784,0.042721313490356315
2025-01-18,3305.78955078125,3493.06005859375,3228.333740234375,3473.563720703125,32420094038,-0.0484491750950794,3309.1307198660716,0.048115783129634826
2025-01-19,3208.96435546875,3444.20654296875,3127.623046875,3305.39794921875,57242875399,-0.02928958236001966,3300.98974609375,0.049559950507165766
2025-01-20,3278.035400390625,3444.28271484375,3147.52294921875,3208.933837890625,52383187336,0.02152440391061483,3321.351981026786,0.046985781784592666
2025-01-21,3327.40625,3365.778076171875,3202.49267578125,3278.43603515625,32804001146,0.015061109347230373,3336.169363839286,0.04627536615081201
2025-01-22,3240.224609375,3364.74609375,3223.385986328125,3327.2373046875,22171220981,-0.026201080984625813,3306.1246512276784,0.03719816719448725
2025-01-23,3334.714111328125,3346.732421875,3184.06689453125,3240.475341796875,32419520084,0.029161404946970837,3309.8916364397323,0.03633727436526874
2025-01-24,3309.554931640625,3424.89990234375,3277.3232421875,3334.808349609375,25578325671,-0.007544628669076459,3286.3841727120534,0.029411728353913952
2025-01-25,3317.26953125,3349.29833984375,3270.273193359375,3309.711669921875,13744316078,0.0023310081774501334,3288.024169921875,0.022889674611566893
2025-01-26,3236.13427734375,3359.3125,3233.922119140625,3317.29150390625,14471528757,-0.02445844485711024,3291.905587332589,0.021884790642196297
2025-01-27,3178.92041015625,3250.396484375,3024.091552734375,3235.855224609375,39412486482,-0.017679695057172262,3277.7463030133927,0.02087250152693435
2025-01-28,3077.112548828125,3222.7373046875,3040.09228515625,3179.0869140625,20718206194,-0.0320259233300908,3241.990059988839,0.02121892119755046
2025-01-29,3112.9990234375,3177.98046875,3055.181640625,3076.380126953125,22727786058,0.011662386097330613,3223.8149762834823,0.021497509474369327
2025-01-30,3247.780029296875,3282.986328125,3093.123779296875,3113.289794921875,19958405782,0.0432961927853559,3211.395821707589,0.025574038980058632
2025-01-31,3298.26513671875,3437.569091796875,3214.935546875,3247.8671875,30128115902,0.015544497153892722,3209.7829938616073,0.02643807470718684
2025-02-01,3118.32861328125,3329.6552734375,3103.9189453125,3298.822265625,19917507079,-0.05455489961504678,3181.362862723214,0.033368476367317
2025-02-02,2868.69287109375,3161.894287109375,2755.474609375,3118.611572265625,42060930305,-0.08005434100956466,3128.8712332589284,0.043059886452664134
2025-02-03,2884.566650390625,2919.477294921875,2159.280517578125,2868.07861328125,92453553253,0.005533453740142802,3086.8206961495534,0.04381938100648526
2025-02-04,2735.05126953125,2888.25,2636.165771484375,2883.818359375,48795275985,-0.05183287439003281,3037.9547991071427,0.04584950312737671
2025-02-05,2787.779052734375,2824.400146484375,2701.10498046875,2735.225830078125,31960764447,0.01927853557646908,2991.494803292411,0.046691671352429125
2025-02-06,2688.40087890625,2857.14208984375,2662.44580078125,2787.65869140625,29500645692,-0.035647794157377954,2911.58349609375,0.03930248292821722
2025-02-07,2622.211181640625,2798.02880859375,2564.96826171875,2688.8974609375,29526663418,-0.024620471517087794,2815.0043596540177,0.03492054631805453
2025-02-08,2632.308349609375,2665.484619140625,2591.778564453125,2623.001953125,17059263074,0.0038506311160004802,2745.5728934151784,0.03552188592471034
2025-02-09,2628.72119140625,2695.222412109375,2530.435791015625,2632.578125,17517088276,-0.0013627424019899692,2711.2912248883927,0.025674965688324065
2025-02-10,2661.166748046875,2692.80859375,2564.0185546875,2628.650146484375,19414208113,0.0123427150611084,2679.376953125,0.026568477854356135
2025-02-11,2602.781982421875,2724.90234375,2565.397216796875,2661.315673828125,21156550492,-0.02193953673434812,2660.4813406808034,0.020690044920602828
2025-02-12,2736.902099609375,2794.867431640625,2551.174560546875,2602.828125,26919387954,0.051529524214203315,2653.213204520089,0.029287985671059905
2025-02-13,2675.902587890625,2756.443359375,2615.667724609375,2737.028564453125,19481004625,-0.022287794557012575,2651.427734375,0.027103786662202135
2025-02-14,2726.091552734375,2790.023681640625,2666.26806640625,2675.939453125,17732289901,0.018755901306300338,2666.2677873883927,0.025545224590631875
2025-02-15,2693.559814453125,2738.68115234375,2668.53173828125,2726.07470703125,10803019357,-0.011933472391497446,2675.017996651786,0.02643147688661922
2025-02-16,2663.31591796875,2724.096435546875,2655.297607421875,2693.5625,10593602117,-0.011228225310643603,2679.9601004464284,0.02699633429145435
2025-02-17,2743.19970703125,2848.7841796875,2640.18212890625,2663.2294921875,24170425078,0.029994109419593684,2691.6790945870534,0.028863908824956066
2025-02-18,2669.3388671875,2754.6767578125,2606.900390625,2743.02294921875,23004152928,-0.026925068435387,2701.1872209821427,0.029680709557135285
2025-02-19,2715.77099609375,2735.917724609375,2656.375732421875,2669.21337890625,15272401903,0.017394617624989728,2698.1684919084823,0.022504238415035363
2025-02-20,2740.386474609375,2770.030517578125,2708.216064453125,2715.6826171875,15917259320,0.009063900656951951,2707.3804757254466,0.020572797578431355
2025-02-21,2659.655517578125,2842.8271484375,2616.91943359375,2740.022216796875,31441524621,-0.029459697666460616,2697.8896135602677,0.022618201363076712
2025-02-22,2764.029296875,2797.057861328125,2653.867431640625,2660.035888671875,16403164397,0.039243345090012705,2707.9566824776784,0.027174298693524657
2025-02-23,2821.310302734375,2850.6103515625,2746.773681640625,2764.031005859375,20493767269,0.020723733255699095,2730.5273088727677,0.02686954629592052
2025-02-24,2513.8212890625,2839.010009765625,2478.8994140625,2820.456298828125,29127380459,-0.10898801644535905,2697.758963448661,0.04989168494363046
2025-02-25,2493.592529296875,2529.669189453125,2326.632080078125,2514.2109375,40044790246,-0.008047015853369976,2672.65234375,0.049412860523677445
2025-02-26,2331.45263671875,2503.422119140625,2255.054931640625,2493.381591796875,28815111323,-0.06502260921668868,2617.7497209821427,0.05194594255834593
2025-02-27,2305.484375,2378.08740234375,2230.4482421875,2331.51025390625,24286213447,-0.01113823258073876,2555.620849609375,0.05058236053439694
2025-02-28,2237.9052734375,2310.94921875,2076.169921875,2305.56005859375,35737904667,-0.029312322518993406,2495.3708147321427,0.050579371453786014
2025-03-01,2216.643310546875,2279.873046875,2144.090087890625,2237.942138671875,16135258239,-0.009500832382402846,2417.1728166852677,0.04339112730403051
2025-03-02,2519.694580078125,2548.811767578125,2175.321533203125,2216.521728515625,34854193845,0.13671629895947635,2374.0848563058034,0.07598105368045786
2025-03-03,2145.573974609375,2522.316650390625,2097.076171875,2519.531005859375,31473561910,-0.14847855308604507,2321.478097098214,0.08515499708218663
2025-03-04,2170.01513671875,2220.358642578125,1996.767578125,2145.65283203125,33935738380,0.011391432967872817,2275.252755301339,0.08589512737929969
2025-03-05,2241.977294921875,2272.79736328125,2156.099365234375,2169.98681640625,22105432727,0.03316205356610458,2262.4705636160716,0.08465438036247284
2025-03-06,2202.476806640625,2319.396240234375,2177.677001953125,2241.906494140625,18509069102,-0.017618594251921915,2247.755196707589,0.08480051832868757
2025-03-07,2138.987548828125,2254.232421875,2103.47265625,2202.498291015625,22425792863,-0.02882630029114286,2233.624093191964,0.08477593983483499
2025-03-08,2201.51025390625,2232.3271484375,2107.72802734375,2139.7978515625,10533204814,0.029230046295678047,2231.462227957589,0.08556461417454823
2025-03-09,2015.5091552734375,2210.313720703125,1991.1934814453125,2201.708740234375,16103964994,-0.08448795471326165,2159.4357386997767,0.06629346983706425
2025-03-10,1861.1513671875,2150.706298828125,1812.766845703125,2015.430419921875,35005066442,-0.07658500963990722,2118.803937639509,0.04773843554416292
2025-03-11,1919.844970703125,1961.7977294921875,1760.9417724609375,1859.7777099609375,30898385863,0.031536179458804936,2083.06534249442,0.050415389764261506
2025-03-12,1908.982666015625,1954.5711669921875,1832.01904296875,1919.664794921875,22898872951,-0.005657907202539225,2035.4946812220983,0.04602065775124792
2025-03-13,1862.9696044921875,1919.688232421875,1823.525390625,1909.015380859375,17977225564,-0.024103446480985946,1986.99365234375,0.0459883547248785
2025-03-14,1909.467529296875,1945.0914306640625,1861.10595703125,1862.9979248046875,12122715282,0.024959035666801466,1954.205078125,0.04917667557653659
2025-03-15,1937.3946533203125,1955.2384033203125,1904.9656982421875,1909.528076171875,6456484591,0.01462560823630299,1916.4742780412946,0.04725908587776663
2025-03-16,1887.43505859375,1940.474365234375,1863.489013671875,1937.384765625,9292997638,-0.025786999381329778,1898.177978515625,0.0375118283201044
2025-03-17,1927.0029296875,1951.6259765625,1880.484375,1887.44921875,10436892087,0.020963831795744126,1907.5853445870537,0.02365773983140024
2025-03-18,1932.54345703125,1935.1820068359375,1872.5089111328125,1927.0057373046875,10170844746,0.002875204421535882,1909.3994140625,0.020630512168877024
2025-03-19,2057.7490234375,2068.764404296875,1928.24951171875,1932.5445556640625,20065206266,0.06478796942480636,1930.6517508370537,0.031229584061143234
2025-03-20,1982.099853515625,2067.483642578125,1952.2432861328125,2057.951171875,13217865782,-0.03676306928602102,1947.6703578404017,0.033869022342720344
2025-03-21,1964.8475341796875,1994.8914794921875,1937.2115478515625,1981.85302734375,9708125480,-0.008704061657306195,1955.581787109375,0.03367768767371637
2025-03-22,1980.037841796875,2005.0411376953125,1964.27099609375,1964.9404296875,6117036512,0.007731036303297412,1961.6736711774554,0.033434569823333454
2025-03-23,2005.2991943359375,2019.889404296875,1977.7093505859375,1979.983642578125,7522339707,0.012758015026691494,1978.5114048549108,0.030866133064815404
2025-03-24,2077.47900390625,2101.9833984375,1978.7637939453125,2005.7183837890625,14044912402,0.035994533770415726,2000.0079868861608,0.032318259103473114
2025-03-25,2067.76416015625,2096.518310546875,2038.64453125,2078.568115234375,11735658914,-0.004676265671871183,2019.325230189732,0.032766928826540614
2025-03-26,2009.1893310546875,2078.369140625,1982.412353515625,2067.5087890625,13178523590,-0.028327615997143618,2012.3881312779017,0.024835068350406487
2025-03-27,2002.357421875,2037.3961181640625,1987.7177734375,2008.9405517578125,11593274543,-0.003400331205273277,2015.2820696149554,0.020047032935435565
2025-03-28,1895.5029296875,2015.454345703125,1863.0106201171875,2002.4105224609375,18160526498,-0.05336434495667708,2005.375697544643,0.028992841843871128
2025-03-29,1827.3203125,1911.90087890625,1799.2008056640625,1895.5496826171875,12194771785,-0.03597072635426679,1983.5589076450892,0.030521017930890074
2025-03-30,1806.2186279296875,1847.570556640625,1769.4127197265625,1827.31103515625,9854857162,-0.01154788485957492,1955.1188267299108,0.02869595659199065
2025-03-31,1823.47998046875,1852.5513916015625,1778.6922607421875,1806.3165283203125,15765030938,0.009556624138489678,1918.833251953125,0.021876491471562613
2025-04-01,1905.491455078125,1926.302978515625,1820.350341796875,1823.5623779296875,15001220420,0.044975253629213396,1895.6514369419642,0.032486442825714654
2025-04-02,1795.313232421875,1951.1802978515625,1782.76025390625,1905.484619140625,22593742104,-0.05782142048584138,1865.0977085658483,0.03672158991628471
2025-04-03,1815.63720703125,1844.071044921875,1751.380859375,1794.97607421875,16450974373,0.011320573057860273,1838.4233921595983,0.03792302431349785
2025-04-04,1815.335205078125,1833.956787109375,1760.588623046875,1815.60986328125,18061720814,-0.00016633386447217902,1826.9708600725446,0.03363583340297652
2025-04-05,1805.9732666015625,1826.298583984375,1767.5135498046875,1815.344970703125,6374712479,-0.0051571403729591125,1823.9212820870537,0.030914903273073224
2025-04-06,1576.72802734375,1815.5748291015625,1539.43798828125,1805.9630126953125,22154445576,-0.12693722742042624,1791.1369105747767,0.05703879107448258
2025-04-07,1555.240966796875,1634.0411376953125,1415.37353515625,1576.9498291015625,46073959047,-0.013627626435405826,1752.8170514787946,0.05584984624901212
2025-04-08,1472.5531005859375,1617.33984375,1447.610107421875,1554.93212890625,21315312919,-0.05316723773116572,1690.968715122768,0.048321199151999256
2025-04-09,1668.0400390625,1687.18798828125,1386.79931640625,1472.6014404296875,39252195855,0.1327537447707503,1672.786830357143,0.07796582021542259
2025-04-10,1522.518798828125,1669.3941650390625,1474.9141845703125,1668.2017822265625,21379604307,-0.08724085563087758,1630.9127720424108,0.0826828950762426
2025-04-11,1567.1497802734375,1587.53857421875,1505.001953125,1522.4730224609375,14871838813,0.02931391157840868,1595.4577113560267,0.08470258594148064
2025-04-12,1643.528564453125,1666.017578125,1546.819580078125,1567.15576171875,12110995013,0.04873738626716384,1572.2513253348213,0.08840373939112497
2025-04-13,1596.685791015625,1648.2867431640625,1564.8388671875,1643.5010986328125,13909890792,-0.028501344272703122,1575.1024344308037,0.07323455671371369
2025-04-14,1622.7698974609375,1689.8575439453125,1596.0865478515625,1596.8818359375,16518325094,0.016336405441875312,1584.7494245256696,0.07290484431498828
2025-04-15,1588.6324462890625,1659.836181640625,1585.2291259765625,1622.7718505859375,13175452875,-0.021036532181973544,1601.3321881975446,0.0693113911927049
2025-04-16,1578.1053466796875,1610.7821044921875,1540.0338134765625,1589.031005859375,15339621551,-0.00662651680945181,1588.484375,0.04484791080285785
2025-04-17,1582.54833984375,1615.306884765625,1564.1956787109375,1578.01416015625,11312160796,0.002815397066748826,1597.060023716518,0.02759111987312022
2025-04-18,1588.9246826171875,1599.4168701171875,1573.9039306640625,1582.397216796875,7123507323,0.004029161456178265,1600.1707240513392,0.02559195607226244
2025-04-19,1612.9228515625,1629.051513671875,1585.4730224609375,1588.9697265625,7168138700,0.015103402450633574,1595.7984793526787,0.01718649557996439
2025-04-20,1587.5142822265625,1618.436767578125,1566.6915283203125,1612.966064453125,7642784469,-0.01575312130479345,1594.4882638113838,0.014433736820158825
2025-04-21,1579.7344970703125,1656.11962890625,1566.1474609375,1587.4609375,15403785611,-0.004900607977736393,1588.3403494698662,0.012325893628099738
2025-04-22,1757.3316650390625,1773.63916015625,1542.0003662109375,1579.815185546875,23747917555,0.11242216226721125,1612.4402378627233,0.04391048317530682
2025-04-23,1796.104248046875,1829.7099609375,1746.924072265625,1757.196533203125,22904644756,0.022063326905880754,1643.5829380580358,0.042849056567556755
2025-04-24,1769.8316650390625,1801.69140625,1724.74072265625,1795.9794921875,15207402759,-0.014627537926254486,1670.3376988002233,0.04445129913744081
2025-04-25,1786.634521484375,1826.696044921875,1740.3319091796875,1770.003662109375,17459399281,0.009494042160750782,1698.5819614955358,0.04423492933978484
2025-04-26,1821.881103515625,1839.363037109375,1781.473876953125,1786.532958984375,11926379867,0.019727919508667258,1728.433140345982,0.04422446295598435
2025-04-27,1792.864990234375,1856.44384765625,1785.902099609375,1822.175537109375,11321944113,-0.015926458222360718,1757.7689557756696,0.04424678138250774
2025-04-28,1798.851806640625,1827.4822998046875,1747.726806640625,1792.4461669921875,17043640437,0.0033392455309573243,1789.0714285714287,0.04363133963354869
2025-04-29,1799.1756591796875,1842.0330810546875,1782.28125,1798.9122314453125,14734257744,0.00018003291759050022,1795.0491420200892,0.015060461838527897
2025-04-30,1793.775390625,1816.68994140625,1736.1429443359375,1799.2091064453125,14810431362,-0.0030015237962643937,1794.7164481026787,0.012695418976857725
2025-05-01,1839.2215576171875,1872.9395751953125,1793.151123046875,1794.041015625,15861442721,0.025335483600515296,1804.6292898995537,0.014000668321875022
2025-05-02,1842.7078857421875,1869.530029296875,1814.73046875,1839.1748046875,13570171872,0.0018955454880142941,1812.6397705078125,0.01394221559024485
2025-05-03,1833.8397216796875,1848.246826171875,1812.815673828125,1842.7181396484375,8344452620,-0.004812571830357215,1814.34814453125,0.012486428217603367
2025-05-04,1808.59423828125,1849.99853515625,1804.4951171875,1833.647216796875,8918979887,-0.013766461212495806,1816.595179966518,0.01201621262250859
2025-05-05,1819.697509765625,1832.05078125,1783.3148193359375,1808.7049560546875,11389336489,0.006139172208646793,1819.5731375558037,0.012140974148349564
2025-05-06,1815.0875244140625,1820.796630859375,1753.3154296875,1819.7340087890625,13206516310,-0.0025333800408158247,1821.8462611607142,0.012240866955905193
2025-05-07,1811.606689453125,1849.658447265625,1788.6873779296875,1815.0189208984375,50540755039,-0.0019177229274721652,1824.393589564732,0.012183782834535124
2025-05-08,2206.5146484375,2222.20556640625,1809.4569091796875,1811.54638671875,37777245241,0.2179876908621854,1876.8640311104912,0.0835624876532826
2025-05-09,2345.50732421875,2486.0068359375,2186.054443359375,2206.128173828125,43766026875,0.0629919569669184,1948.6925223214287,0.08345040399482233
2025-05-10,2582.422607421875,2597.54345703125,2320.235107421875,2345.760498046875,30265913403,0.10100811912068441,2055.6329345703125,0.08404264496147214
2025-05-11,2510.23779296875,2603.264404296875,2441.730712890625,2582.71044921875,26496368543,-0.027952363120453683,2155.8677280970983,0.08606330306960824
2025-05-12,2496.397705078125,2620.897216796875,2411.594482421875,2510.289306640625,32121858921,-0.005513456904119418,2252.5391845703125,0.08717700585774132
2025-05-13,2680.129638671875,2736.89013671875,2418.32568359375,2496.33740234375,33528741590,0.0735988233044782,2376.116629464286,0.08435745949659633
2025-05-14,2610.063232421875,2721.949951171875,2549.68505859375,2680.26220703125,26602676588,-0.02614291683469505,2490.1818498883927,0.08775102258429976
2025-05-15,2546.85693359375,2645.07421875,2482.212890625,2610.02783203125,26637688883,-0.02421638604114429,2538.802176339286,0.055213190378373016
2025-05-16,2536.297607421875,2645.60791015625,2532.027099609375,2547.058349609375,21298907763,-0.004146022508211833,2566.057931082589,0.05267191387811051
2025-05-17,2475.75439453125,2537.78173828125,2449.0693359375,2536.297607421875,18830706230,-0.023870705359441913,2550.8196149553573,0.0362318285436899
2025-05-18,2498.233642578125,2585.697021484375,2344.668212890625,2475.76953125,25005164865,0.009079756900171487,2549.104736328125,0.035086329350480804
2025-05-19,2529.166748046875,2545.461181640625,2353.427001953125,2498.800048828125,27351331811,0.01238199059589462,2553.7860281808034,0.035283755237833364
2025-05-20,2524.173095703125,2585.619873046875,2446.44677734375,2529.135009765625,23453322578,-0.001974425904344268,2531.506522042411,0.01633568755165985
2025-05-21,2552.34716796875,2614.060791015625,2454.537841796875,2524.1591796875,31952904125,0.011161703733228778,2523.2613699776784,0.015658425983486563
2025-05-22,2664.156982421875,2691.102294921875,2546.434814453125,2552.766845703125,26596978352,0.04380666386466037,2540.0185198102677,0.020664700551740346
2025-05-23,2526.44189453125,2731.220703125,2504.87353515625,2664.08203125,30536501878,-0.051691806751355096,2538.6105608258927,0.030345070754987935
2025-05-24,2530.646240234375,2575.13134765625,2516.01806640625,2526.387939453125,11380899856,0.001664137106111907,2546.4522530691966,0.028498031580742048
2025-05-25,2551.763916015625,2553.869140625,2467.880126953125,2530.89013671875,14556431364,0.008344775909608915,2554.099434988839,0.028475348121659944
2025-05-26,2564.138427734375,2598.566650390625,2530.321533203125,2551.380859375,14936610009,0.004849395212889407,2559.095389229911,0.028219855252329323
2025-05-27,2663.06982421875,2712.28515625,2512.588623046875,2564.140869140625,26264200536,0.03858270497969518,2578.9377790178573,0.031200005249358977
2025-05-28,2682.212890625,2688.7421875,2611.160888671875,2663.01025390625,19087366068,0.007188345657390238,2597.4900251116073,0.031171203677807114
2025-05-29,2632.65478515625,2784.75244140625,2620.982666015625,2681.84326171875,27567479811,-0.01847657419064974,2592.9897112165177,0.027798820104948455
2025-05-30,2529.943603515625,2648.2607421875,2510.163818359375,2632.8359375,24599403943,-0.039014299261621144,2593.4899553571427,0.024146465900643427
2025-05-31,2529.08740234375,2550.483642578125,2484.215576171875,2529.833984375,13992843765,-0.00033842697943353706,2593.267264229911,0.024141523350972808
2025-06-01,2536.266357421875,2547.77294921875,2472.540771484375,2529.0966796875,13287852482,0.002838555548326349,2591.0533272879466,0.023919158429808105
2025-06-02,2607.097412109375,2615.515625,2477.292724609375,2536.184814453125,16744168824,0.027927293393387842,2597.1903250558034,0.02627389737790236
2025-06-03,2593.2802734375,2652.418701171875,2582.25048828125,2607.197509765625,18291179016,-0.005299816803046031,2587.220389229911,0.020979457516102626
2025-06-04,2608.64306640625,2677.970458984375,2585.73779296875,2593.482666015625,18621211035,0.005924077364914293,2576.7104143415177,0.020876327075161318
2025-06-05,2416.28564453125,2640.60400390625,2395.753662109375,2608.607177734375,26194462737,-0.07373849813037003,2545.800537109375,0.033806282237198844
2025-06-06,2477.19482421875,2530.391845703125,2387.608642578125,2416.455078125,19407449565,0.02520777285804554,2538.2649972098216,0.0338635522845575
2025-06-07,2526.50537109375,2543.048828125,2459.13720703125,2477.183349609375,11664303387,0.019905800865118284,2537.8961356026784,0.03492639968679067
2025-06-08,2510.787109375,2547.467041015625,2493.920166015625,2526.193359375,12097170203,-0.006221345063654238,2534.2562430245534,0.03498856941107666
2025-06-09,2681.51708984375,2693.806640625,2479.867919921875,2510.838134765625,20605172560,0.06799858890117094,2544.887625558036,0.04287920082920699
2025-06-10,2813.517578125,2824.80810546875,2658.67724609375,2681.285400390625,35555755055,0.049226047740363876,2576.35009765625,0.04559961151372318
2025-06-11,2773.529296875,2877.62939453125,2746.4599609375,2813.73974609375,30705408054,-0.01421291324458307,2599.9052734375,0.046713618393258854
2025-06-12,2651.795166015625,2784.2626953125,2619.966552734375,2773.597900390625,25924959613,-0.04389141697422694,2633.549490792411,0.038456690154394534
2025-06-13,2579.486083984375,2651.91552734375,2443.962646484375,2651.91552734375,37986747138,-0.02726797414745119,2648.162527901786,0.04094251106499666
2025-06-14,2533.444091796875,2580.158203125,2491.49072265625,2579.721435546875,14285000473,-0.017849288846087386,2649.1537737165177,0.04136759848497964
2025-06-15,2546.837158203125,2558.677734375,2493.20458984375,2533.183349609375,13961893828,0.005286505610925474,2654.303780691964,0.04125612415228938
2025-06-16,2540.60498046875,2680.087646484375,2517.145263671875,2547.226806640625,22792449577,-0.0024470263889081467,2634.1734793526784,0.02964763271288671
2025-06-17,2510.761474609375,2617.9013671875,2456.64892578125,2540.314453125,25653232897,-0.011746613932036243,2590.922607421875,0.016157553812005995
2025-06-18,2524.301513671875,2546.62744140625,2469.05029296875,2510.81689453125,19873957905,0.005392801825034654,2555.3186383928573,0.01810463402689717
2025-06-19,2521.653564453125,2546.76953125,2486.101806640625,2524.404052734375,12782730709,-0.0010489829382142046,2536.726981026786,0.012326434660623048
2025-06-20,2407.30419921875,2569.0146484375,2371.474365234375,2521.5263671875,22592586688,-0.04534697662134013,2512.129568917411,0.01789384159664648
2025-06-21,2300.49560546875,2448.41162109375,2222.8125,2407.34765625,16108791762,-0.04436854876282892,2478.8512137276784,0.022200718469681822
2025-06-22,2228.213134765625,2313.85302734375,2116.681396484375,2298.8427734375,28458151601,-0.031420390689421374,2433.33349609375,0.021351320333556443
2025-06-23,2421.824951171875,2434.23974609375,2191.418212890625,2228.484619140625,26247439429,0.0868910668308287,2416.364920479911,0.04561175104778124
2025-06-24,2448.0087890625,2481.222900390625,2379.5693359375,2421.83056640625,19539047009,0.01081161455453472,2407.4002511160716,0.04592971182377534
2025-06-25,2419.310302734375,2468.677978515625,2394.607421875,2448.7373046875,17158118625,-0.011723195789307361,2392.4015066964284,0.04588096526053098
2025-06-26,2416.146728515625,2519.619873046875,2399.533935546875,2419.15478515625,18300413888,-0.0013076347482894324,2377.3291015625,0.04587719518241377
2025-06-27,2423.866943359375,2463.15478515625,2386.324951171875,2416.023193359375,15309834970,0.0031952591093227234,2379.6952078683034,0.0423305842327548
2025-06-28,2437.109375,2448.191650390625,2407.76171875,2423.92529296875,8273074809,0.00546334924732772,2399.2114606584823,0.037161448681776954
2025-06-29,2500.9599609375,2523.320556640625,2417.625244140625,2437.11474609375,12500580479,0.02619931078698512,2438.17529296875,0.03289250474514144
2025-06-30,2486.46435546875,2521.720458984375,2438.054931640625,2500.60546875,16859727663,-0.005796016607685361,2447.409493582589,0.012336645720531884
2025-07-01,2405.792724609375,2500.591796875,2389.81591796875,2486.428466796875,15025451796,-0.032444314225516746,2441.3786272321427,0.017857525874871306
2025-07-02,2571.33544921875,2616.78369140625,2378.3935546875,2405.857421875,22792512025,0.06881005288444131,2463.096505301339,0.03152216959025478
2025-07-03,2591.00732421875,2635.192138671875,2558.58251953125,2570.796630859375,20873559425,0.007650450666005781,2488.076590401786,0.031206640586967156
2025-07-04,2508.518310546875,2601.11962890625,2475.7548828125,2590.845703125,17222740209,-0.03183665785149692,2500.1696428571427,0.03512505661902179
2025-07-05,2517.280029296875,2529.84228515625,2489.00244140625,2508.095947265625,9289382302,0.003492786444157847,2511.6225934709823,0.035132688802914626
2025-07-06,2571.236572265625,2603.064697265625,2505.370849609375,2517.280029296875,13190436110,0.021434461935417204,2521.662109375,0.03470047218984957
2025-07-07,2543.01318359375,2589.324951171875,2517.903564453125,2571.395263671875,18440266947,-0.010976581842489175,2529.7405133928573,0.03500985363956288
2025-07-08,2615.505859375,2626.66455078125,2525.437744140625,2542.97265625,17537487206,0.028506606355380493,2559.699532645089,0.03195927146703926
2025-07-09,2770.777587890625,2794.5185546875,2591.947021484375,2615.505859375,27229452849,0.05936584999764771,2588.1912667410716,0.02926910742796715
2025-07-10,2954.84521484375,2995.152099609375,2757.2666015625,2770.7373046875,33929201261,0.06643175827521208,2640.1681082589284,0.03581722454001123
2025-07-11,2957.88623046875,3038.14111328125,2916.95654296875,2954.832763671875,36226558863,0.0010291624108509367,2704.363525390625,0.02957876453716239
2025-07-12,2942.91162109375,2979.780029296875,2907.193603515625,2958.333740234375,16317198254,-0.005062604917237423,2765.168038504464,0.030730526056361968
2025-07-13,2973.35888671875,3016.3935546875,2938.736572265625,2942.853515625,17361753131,0.010345966697322684,2822.614083426339,0.03110584192310286
2025-07-14,3013.350830078125,3079.985595703125,2965.32373046875,2973.22509765625,36349290556,0.013450089573111779,2889.80517578125,0.028095896849560917
2025-07-15,3139.8896484375,3142.42724609375,2934.371337890625,3013.29345703125,39013656112,0.04199272686615596,2964.7171456473216,0.028839632643047376
2025-07-16,3371.5068359375,3422.60302734375,3102.477783203125,3139.8896484375,46771354461,0.07376602792880305,3050.5356096540177,0.031901383601384996
2025-07-17,3476.784423828125,3521.685302734375,3315.9990234375,3371.5068359375,47532846793,0.03122567831346279,3125.0983537946427,0.027454233226494706
2025-07-18,3549.016357421875,3674.855224609375,3463.38623046875,3476.1240234375,59198465810,0.020775499653849394,3209.5455147879466,0.025679154749081026
2025-07-19,3595.273681640625,3608.275634765625,3512.97314453125,3548.926025390625,26031719746,0.013033843623181607,3302.7400948660716,0.022692634630739898
2025-07-20,3759.471435546875,3819.398681640625,3582.349609375,3595.240478515625,44600451066,0.04567044638207407,3415.0418875558034,0.021700073992342413
2025-07-21,3763.371337890625,3856.76708984375,3705.353759765625,3758.920654296875,42611467663,0.0010373538968471152,3522.187674386161,0.02406371656647806
2025-07-22,3749.1455078125,3798.100341796875,3624.140380859375,3762.882080078125,45248868820,-0.0037800761075303946,3609.2242257254466,0.027083883086305587
2025-07-23,3629.70361328125,3765.0263671875,3532.8564453125,3749.238525390625,41283228953,-0.03185843128317001,3646.1094796316966,0.025381260543314087
2025-07-24,3708.005615234375,3771.381591796875,3514.999267578125,3629.731689453125,40377960354,0.021572560819185016,3679.1410784040177,0.02433162947637762
2025-07-25,3727.266845703125,3744.820068359375,3579.962890625,3708.005615234375,42264509577,0.005194498732584263,3704.6054338727677,0.02383509759869414
2025-07-26,3741.39599609375,3789.789794921875,3702.774169921875,3727.2373046875,24635287361,0.0037907536475187964,3725.480050223214,0.023718126922698934
2025-07-27,3875.24658203125,3876.93359375,3733.681640625,3741.25732421875,28897450394,0.03577557309550983,3742.019356863839,0.021107252163764977
2025-07-28,3787.42578125,3940.652099609375,3756.515869140625,3875.255859375,35831336149,-0.022661990384936437,3745.4557059151784,0.023523803132485675
2025-07-29,3793.454833984375,3883.997802734375,3716.88330078125,3788.319580078125,35540435995,0.0015918602984175134,3751.7856096540177,0.023423667545462448
2025-07-30,3808.20166015625,3832.884033203125,3683.14453125,3793.58251953125,34392494235,0.0038874395023140718,3777.285330636161,0.018132469357894986
2025-07-31,3696.707763671875,3877.47021484375,3685.004150390625,3808.24609375,32839839444,-0.029277308933214563,3775.6713518415177,0.021249331896250945
2025-08-01,3488.365966796875,3722.585693359375,3432.3798828125,3696.144287109375,46261558200,-0.05635874139752328,3741.542654854911,0.02968554488347694
2025-08-02,3392.7412109375,3535.558837890625,3370.943115234375,3487.956787109375,30165065282,-0.027412478154400954,3691.7348284040177,0.029781043831406003
2025-08-03,3497.379150390625,3520.831298828125,3357.93896484375,3392.744384765625,19363593865,0.030841709681774132,3637.7537667410716,0.028449234014047035
2025-08-04,3718.986083984375,3734.9775390625,3491.554931640625,3497.613037109375,30905749658,0.06336371438852972,3627.9766671316966,0.04029726424138485
2025-08-05,3611.8994140625,3720.656494140625,3547.62109375,3719.81787109375,32778742296,-0.028794587423448093,3602.0401785714284,0.041476667462195554
2025-08-06,3683.920654296875,3698.124755859375,3567.095947265625,3612.038818359375,26924415763,0.01993999056395901,3584.2857491629466,0.042560194018798604
2025-08-07,3914.325927734375,3926.204345703125,3650.365966796875,3684.06201171875,38627826066,0.06254349511267532,3615.3740583147323,0.04733734831508236
2025-08-08,4009.848876953125,4068.84765625,3882.443115234375,3914.110595703125,45460293892,0.02440342244929994,3689.8716169084823,0.037533857034872296
2025-08-09,4263.59912109375,4323.76123046875,4007.709228515625,4009.150634765625,45279715746,0.06328174749903215,3814.2798897879466,0.03360668526328473
2025-08-10,4254.2177734375,4332.21044921875,4163.9404296875,4263.552734375,36173931367,-0.0022003353011864624,3922.3996930803573,0.03628159802629549
2025-08-11,4226.966796875,4362.0927734375,4168.875,4254.2314453125,49989853803,-0.006405637420032861,3994.9683663504466,0.034799916710591995
2025-08-12,4590.9248046875,4634.05517578125,4222.3623046875,4227.20703125,57237189036,0.08610382463415012,4134.829136439732,0.03560540596071034
2025-08-13,4756.27587890625,4784.6689453125,4566.23876953125,4590.65771484375,62550014642,0.036016942392504525,4288.022739955357,0.03495599009198969
2025-08-14,4548.16650390625,4788.5517578125,4461.28173828125,4756.04345703125,75681632806,-0.04375468965602913,4378.571393694197,0.04421586083834795
2025-08-15,4439.98876953125,4667.72998046875,4375.54541015625,4549.07568359375,55445715824,-0.023784910750758614,4440.019949776785,0.04749813996389691
2025-08-16,4426.18017578125,4493.1494140625,4379.16455078125,4439.998046875,26816931514,-0.0031100515039045318,4463.245814732143,0.042786954895903596
2025-08-17,4473.271484375,4575.87646484375,4400.71337890625,4426.259765625,31348101438,0.010639266076744924,4494.539202008928,0.04264562080273639
2025-08-18,4312.5048828125,4484.009765625,4229.3798828125,4473.33056640625,53518423360,-0.03593937951766457,4506.758928571428,0.04565804620815735
2025-08-19,4073.464111328125,4355.0751953125,4070.535400390625,4312.5302734375,50440367102,-0.055429681352263005,4432.835972377232,0.03256571464121962
2025-08-20,4334.50048828125,4376.78955078125,4064.965087890625,4073.168212890625,49577862965,0.06408215951312646,4372.58234514509,0.04079416817388679
2025-08-21,4223.2099609375,4338.826171875,4205.77685546875,4334.5673828125,33618359942,-0.025675513855549226,4326.15998186384,0.03901705305265005
2025-08-22,4831.3486328125,4884.22802734375,4209.47216796875,4223.73095703125,75965521535,0.14399915644733907,4382.06853376116,0.06904174424998072
2025-08-23,4776.09033203125,4831.61083984375,4669.72509765625,4831.08837890625,36503623278,-0.011437448418844975,4432.055698939732,0.06945781053074293
2025-08-24,4779.6474609375,4953.73291015625,4714.47265625,4776.70458984375,52405003873,0.0007447783980119027,4475.823695591518,0.0696117849480937
2025-08-25,4372.98779296875,4796.35009765625,4343.947265625,4779.76953125,63936163545,-0.08508151935728459,4484.464111328125,0.07724972124524741
2025-08-26,4600.4267578125,4632.0732421875,4316.30078125,4372.88037109375,53829747706,0.05200997021062914,4559.744489397322,0.07397168057717046
2025-08-27,4503.39306640625,4659.9873046875,4489.2978515625,4600.51025390625,43509902322,-0.021092323933093016,4583.872000558035,0.07246465454831551
2025-08-28,4507.177734375,4629.03125,4435.109375,4503.63134765625,36045274078,0.0008404036496352241,4624.438825334822,0.071113434913101
2025-08-29,4360.15283203125,4513.859375,4272.45947265625,4507.63134765625,46899991962,-0.032620169651272346,4557.125139508928,0.041333717903514575
2025-08-30,4374.1533203125,4413.27490234375,4264.1953125,4360.0888671875,25883112278,0.0032110086092389523,4499.70556640625,0.04184126400809684
2025-08-31,4390.01904296875,4497.1767578125,4373.5966796875,4374.8935546875,26683044984,0.0036271528440883216,4444.044363839285,0.04199818017503386
2025-09-01,4314.47021484375,4490.3466796875,4221.24755859375,4389.6259765625,37530746508,-0.017209225605980594,4435.684709821428,0.027435690838960344
2025-09-02,4325.36572265625,4414.93408203125,4260.45947265625,4314.39111328125,39884692334,0.002525340834435452,4396.390276227678,0.014770493047988508
2025-09-03,4450.38916015625,4489.19873046875,4286.2060546875,4324.6962890625,35260873497,0.028904708992612438,4388.818289620535,0.0191913446213247
2025-09-04,4298.744140625,4483.451171875,4268.5888671875,4450.2158203125,34919798552,-0.03407455260068215,4359.042061941965,0.022690369483272476
2025-09-05,4306.98876953125,4484.361328125,4258.0498046875,4298.8369140625,44163736676,0.00191791570666755,4351.447195870535,0.019615654307645697
2025-09-06,4274.2421875,4327.43994140625,4244.7548828125,4306.97314453125,18108246446,-0.007603126867408605,4337.174176897322,0.01960078578599728
2025-09-07,4305.34765625,4334.2744140625,4271.5341796875,4274.1669921875,17426783536,0.007277423081211376,4325.078264508928,0.019857402181958635
2025-09-08,4308.072265625,4381.27490234375,4279.97216796875,4305.38134765625,32277142378,0.0006328430576436617,4324.164271763393,0.01878721580088264
2025-09-09,4309.04150390625,4381.2265625,4277.85302734375,4308.283203125,30703320925,0.00022498189944109015,4321.832240513393,0.018754548361684557
2025-09-10,4349.14599609375,4450.41796875,4286.0625,4309.091796875,39521365146,0.009307056372314992,4307.368931361607,0.014671069336409777
2025-09-11,4461.2333984375,4471.69873046875,4339.716796875,4349.2001953125,35959212991,0.025772278613875654,4330.581682477678,0.010523955981911718
2025-09-12,4715.24609375,4734.27392578125,4453.28466796875,4461.4794921875,43839753626,0.05693777317310178,4388.904157366072,0.02191018923384409
2025-09-13,4668.1796875,4763.361328125,4609.12548828125,4714.70361328125,34843845977,-0.009981749693273922,4445.180943080357,0.02230192420095456
2025-09-14,4609.59765625,4690.64208984375,4581.84716796875,4668.17138671875,28394160275,-0.012549223717087221,4488.645228794643,0.024301628930000027
2025-09-15,4526.8203125,4670.5302734375,4469.861328125,4609.72314453125,40224062009,-0.0179576071325368,4519.894949776785,0.026425221604878712
2025-09-16,4503.564453125,4537.599609375,4428.330078125,4526.078125,32761501436,-0.005137349788500112,4547.683942522322,0.026743470381223763
2025-09-17,4592.7333984375,4617.23486328125,4429.64453125,4503.6357421875,44120899417,0.019799637873646025,4582.482142857143,0.02720870159019644
2025-09-18,4589.9189453125,4643.97265625,4556.27001953125,4592.44287109375,33497259158,-0.0006128056825500661,4600.865792410715,0.026164276705109873
2025-09-19,4470.9169921875,4620.79296875,4443.2646484375,4589.505859375,30352619653,-0.025926809284188335,4565.961635044643,0.01459934821576847
2025-09-20,4482.265625,4509.81201171875,4459.1591796875,4470.978515625,18056494322,0.002538323308692858,4539.402483258928,0.015003231967040018
2025-09-21,4451.3291015625,4499.38916015625,4447.119140625,4482.583984375,19330306133,-0.006901983511407805,4516.792689732143,0.014722270071979359
2025-09-22,4202.87744140625,4457.08251953125,4092.396728515625,4451.58056640625,58221334533,-0.055815163176552995,4470.51513671875,0.024216657232908813
2025-09-23,4165.50390625,4227.7314453125,4120.8154296875,4203.021484375,32460075911,-0.008892368544476281,4422.220772879465,0.024124814782218305
2025-09-24,4153.46923828125,4206.90185546875,4081.34765625,4165.41259765625,33538388785,-0.0028891265593804505,4359.46875,0.020588731957599176
2025-09-25,3868.333984375,4162.0625,3829.0107421875,4153.52099609375,68963092031,-0.0686499014554498,4256.385184151785,0.027927762246754074
2025-09-26,4035.887939453125,4069.168701171875,3868.43359375,3868.69091796875,47873508328,0.043314242191835106,4194.238176618303,0.03762403605735003
2025-09-27,4018.658203125,4038.45166015625,3975.758056640625,4035.91455078125,20382555776,-0.004269131498844225,4128.008544921875,0.037214090762626
2025-09-28,4141.4765625,4143.00390625,3969.79296875,4018.65966796875,24631307054,0.03056203169493088,4083.743896484375,0.041047833512158245
2025-09-29,4217.341796875,4234.78271484375,4087.92724609375,4141.3564453125,38560429932,0.018318402441761972,4085.810232979911,0.03641464396466664
2025-09-30,4145.95751953125,4238.67138671875,4095.443603515625,4217.05517578125,37679153330,-0.016926367551390986,4083.017892020089,0.036904306470100665
2025-10-01,4351.1123046875,4351.1123046875,4125.5419921875,4146.03369140625,46161664723,0.04948308905476795,4111.25261579241,0.041287686926911746
2025-10-02,4487.923828125,4517.6650390625,4336.5263671875,4352.24072265625,48074066058,0.03144288491246505,4199.76545061384,0.024462086609785525
2025-10-03,4514.87060546875,4591.44384765625,4431.47900390625,4486.9345703125,49603450230,0.006004285806920251,4268.191545758928,0.022988940613665566
2025-10-04,4489.197265625,4519.52685546875,4444.0126953125,4514.9091796875,21832270764,-0.005686395488865736,4335.411411830357,0.02320625788522079
2025-10-05,4515.4228515625,4616.533203125,4472.138671875,4489.05322265625,44880806324,0.005841932173111797,4388.832310267857,0.02252213443325302
2025-10-06,4687.771484375,4736.208984375,4492.8701171875,4515.30078125,44992456374,0.0381688799649984,4456.036551339285,0.024517610532558392
2025-10-07,4451.15185546875,4755.22021484375,4443.5712890625,4687.7099609375,54879425294,-0.05047593076900958,4499.6357421875,0.03353006500303225
2025-10-08,4527.64794921875,4556.2216796875,4417.76806640625,4451.10791015625,40456628235,0.017185685016793073,4524.855119977678,0.02925004638510424
2025-10-09,4369.1435546875,4531.716796875,4273.5595703125,4526.9609375,47903074596,-0.03500810935589638,4507.886509486607,0.03040294787906423
2025-10-10,3843.0087890625,4395.57080078125,3460.222412109375,4369.0654296875,97736621123,-0.12042057191289324,4411.90625,0.05301251478698461
2025-10-11,3750.611572265625,3882.241455078125,3652.7900390625,3840.96044921875,62475475938,-0.02404293663335999,4306.394008091518,0.05255278700640653
2025-10-12,4164.427734375,4195.3974609375,3701.478271484375,3750.946044921875,61216174681,0.11033298280456205,4256.251848493303,0.07324415300331931
2025-10-13,4245.4677734375,4292.845703125,4061.224609375,4164.04931640625,50253782420,0.01946006611990403,4193.06560407366,0.07155018032498392
2025-10-14,4125.412109375,4265.10546875,3895.9736328125,4245.37255859375,67094148347,-0.028278547964407763,4146.531354631697,0.07002884488787453
2025-10-15,3987.45947265625,4213.85595703125,3935.161376953125,4125.361328125,50462889453,-0.03343972264134598,4069.361572265625,0.06952451176533914
2025-10-16,3894.75439453125,4079.648193359375,3829.654052734375,3987.14892578125,49147390731,-0.023249158708877005,4001.5916922433034,0.06912718807321658
2025-10-17,3832.558837890625,3950.56689453125,3678.620361328125,3894.377685546875,57404271888,-0.015969057439913503,4000.0988420758927,0.051381318637954476
2025-10-18,3890.34619140625,3927.24560546875,3822.266357421875,3833.009521484375,23815676385,0.015078008181977465,4020.0609305245534,0.05036050635860895
2025-10-19,3984.649658203125,4029.35546875,3843.77294921875,3890.58349609375,32870655221,0.024240379173758653,3994.378348214286,0.024675095477608582
2025-10-20,3980.76025390625,4084.15966796875,3911.726318359375,3984.6962890625,40224612563,-0.0009760969295927735,3956.56298828125,0.022247102885514184
2025-10-21,3876.76416015625,4109.533203125,3843.227783203125,3980.740478515625,49960290350,-0.02612468149719649,3921.0418526785716,0.021947973951562182
2025-10-22,3808.122314453125,3890.63232421875,3718.0771484375,3877.363037109375,46173305673,-0.017705963754152787,3895.4222586495534,0.019671909053934882
2025-10-23,3856.0263671875,3930.974853515625,3801.241455078125,3808.0849609375,36361652714,0.01257944172448533,3889.8896833147323,0.019208889426538183
2025-10-24,3934.5673828125,4002.561767578125,3849.724853515625,3856.033203125,34090708715,0.0203683813713873,3904.462332589286,0.019482004699362024
2025-10-25,3953.470947265625,3967.6455078125,3914.640625,3934.489990234375,15245229017,0.004804483597282472,3913.480154854911,0.018879227788312924
2025-10-26,4157.9892578125,4177.310546875,3923.192626953125,3953.437255859375,29120786315,0.051731330083082616,3938.2429547991073,0.025768628775409995
2025-10-27,4120.1220703125,4250.669921875,4099.56982421875,4158.0107421875,40271333201,-0.009107091228975794,3958.151785714286,0.026332697453213563
2025-10-28,3982.262451171875,4173.50537109375,3940.834228515625,4120.27490234375,39684155177,-0.03346008122768285,3973.222970145089,0.027888022676159918
2025-10-29,3903.35302734375,4036.35302734375,3849.538818359375,3980.759033203125,35255876156,-0.01981522433432381,3986.8273577008927,0.028173749114181006
2025-10-30,3804.375244140625,3948.22265625,3681.909423828125,3903.322509765625,39981939289,-0.025357117972616416,3979.4486258370534,0.029820169925489543
2025-10-31,3847.080322265625,3900.580322265625,3797.669189453125,3805.082763671875,37800100395,0.01122525392067275,3966.9504743303573,0.02888581782831976
2025-11-01,3874.18798828125,3906.7802734375,3832.634765625,3847.17138671875,17490279524,0.007046295825625215,3955.624337332589,0.028997093653820336
2025-11-02,3911.063232421875,3914.87548828125,3839.997314453125,3873.894287109375,20479611654,0.009518186585722344,3920.349190848214,0.018216156046264975
2025-11-03,3602.30810546875,3912.63330078125,3560.263671875,3911.747802734375,53091469560,-0.0789440386423853,3846.3757672991073,0.03226775146014496
2025-11-04,3292.574462890625,3652.687255859375,3063.0869140625,3602.040771484375,76827517773,-0.08598199640611282,3747.8489118303573,0.041188349961058725
2025-11-05,3425.171142578125,3479.8095703125,3170.513916015625,3292.148193359375,46955882330,0.040271429297028094,3679.5372140066966,0.048342628322363565
2025-11-06,3312.2578125,3454.3359375,3245.28173828125,3425.361083984375,36731850433,-0.03296574838976807,3609.2347237723216,0.04863443145826424
2025-11-07,3435.301025390625,3471.804931640625,3195.896728515625,3312.029296875,42609994022,0.037147836870148554,3550.409109933036,0.05213986012900308
2025-11-08,3400.3759765625,3482.268310546875,3357.713134765625,3435.1474609375,23613870398,-0.01016651774327515,3482.7216796875,0.05133510470913228
2025-11-09,3582.621337890625,3616.43701171875,3359.717529296875,3400.0986328125,28821543888,0.053595650182295396,3435.8014090401784,0.05750572779891178
2025-11-10,3568.4599609375,3656.14892578125,3508.98583984375,3583.44482421875,35638045619,-0.003952797579624412,3430.9659598214284,0.049112572849512495
2025-11-11,3415.2822265625,3644.5283203125,3404.86181640625,3568.47265625,39734688531,-0.04292544572498369,3448.4956403459823,0.03804025540089954
2025-11-12,3413.09423828125,3586.013916015625,3373.711669921875,3415.7958984375,34898956623,-0.0006406464052173266,3446.7703683035716,0.034883572690360125
2025-11-13,3232.757080078125,3561.86083984375,3156.03076171875,3412.994873046875,50283416669,-0.05283685290035778,3435.4131208147323,0.03862272612736852
2025-11-14,3157.37060546875,3245.750732421875,3112.433837890625,3232.754150390625,52820840448,-0.023319560592394817,3395.7087751116073,0.03476131596950202
